Tahun,Komoditas,Kecamatan,Produksi (Ton),Jenis Komoditas,Kode,Luas Panen (Ha),No Kecamatan,Nomor,Rata-Rata Produksi (Ton/Ha)
2018,Padi Sawah,Ajibarang,17184.53,Tanaman Pangan,330214,2893,14,1,5.940038023
2018,Padi Sawah,Banyumas,6938.16,Tanaman Pangan,330211,1164,11,2,5.960618557
2018,Padi Sawah,Baturraden,11662.85,Tanaman Pangan,330222,2317,22,3,5.033599482
2018,Padi Sawah,Cilongok,28627.2,Tanaman Pangan,330217,4957,17,4,5.775105911
2018,Padi Sawah,Gumelar,11830.6,Tanaman Pangan,330215,2177,15,5,5.434359210
2018,Padi Sawah,Jatilawang,21975.66,Tanaman Pangan,330203,3298,3,6,6.663329290
2018,Padi Sawah,Kalibagor,12708.8,Tanaman Pangan,330210,1999,10,7,6.357578789
2018,Padi Sawah,Karanglewas,17713.7,Tanaman Pangan,330218,2970,18,8,5.964208754
2018,Padi Sawah,Kebasen,12315.96,Tanaman Pangan,330205,1989,5,9,6.192036199
2018,Padi Sawah,Kedungbanteng,17439.97,Tanaman Pangan,330223,3771,23,10,4.624760011
2018,Padi Sawah,Kembaran,19786.21,Tanaman Pangan,330220,3455,20,11,5.726833575
2018,Padi Sawah,Kemranjen,23626.6,Tanaman Pangan,330206,3764,6,12,6.276992561
2018,Padi Sawah,Lumbir,11821.18,Tanaman Pangan,330201,2089.4,1,13,5.657691203
2018,Padi Sawah,Patikraja,17676.3,Tanaman Pangan,330212,3074,12,14,5.750260247
2018,Padi Sawah,Pekuncen,22017.3,Tanaman Pangan,330216,4237,16,15,5.196436158
2018,Padi Sawah,Purwojati,13216.18,Tanaman Pangan,330213,2220,13,16,5.953234234
2018,Padi Sawah,Purwokerto Barat,2492.36,Tanaman Pangan,330225,440,25,17,5.664454545
2018,Padi Sawah,Purwokerto Selatan,2321.4,Tanaman Pangan,330224,438,24,18,5.3
2018,Padi Sawah,Purwokerto Timur,1238.03,Tanaman Pangan,330226,218.4,26,19,5.668635531
2018,Padi Sawah,Purwokerto Utara,3980.4,Tanaman Pangan,330227,682,27,20,5.836363636
2018,Padi Sawah,Rawalo,18031.6,Tanaman Pangan,330204,2770,4,21,6.509602888
2018,Padi Sawah,Sokaraja,19972.3,Tanaman Pangan,330219,3214,19,22,6.214156814
2018,Padi Sawah,Somagede,6896.6,Tanaman Pangan,330209,1106,9,23,6.235623870
2018,Padi Sawah,Sumbang,26511.9,Tanaman Pangan,330221,4972,21,24,5.332240547
2018,Padi Sawah,Sumpiuh,17700.2,Tanaman Pangan,330207,3242,7,25,5.459654534
2018,Padi Sawah,Tambak,22340.5,Tanaman Pangan,330208,3437,8,26,6.5
2018,Padi Sawah,Wangon,18044.4,Tanaman Pangan,330202,3080,2,27,5.858571429
2018,Padi Ladang,Ajibarang,30.86,Tanaman Pangan,330214,9,14,28,3.428888889
2018,Padi Ladang,Banyumas,92.12,Tanaman Pangan,330211,25,11,29,3.6848
2018,Padi Ladang,Baturraden,0,Tanaman Pangan,330222,0,22,30,0
2018,Padi Ladang,Cilongok,217.5,Tanaman Pangan,330217,50,17,31,4.35
2018,Padi Ladang,Gumelar,150.2,Tanaman Pangan,330215,38,15,32,3.952631579
2018,Padi Ladang,Jatilawang,803.67,Tanaman Pangan,330203,236,3,33,3.405381356
2018,Padi Ladang,Kalibagor,399,Tanaman Pangan,330210,133,10,34,3
2018,Padi Ladang,Karanglewas,15.5,Tanaman Pangan,330218,5,18,35,3.1
2018,Padi Ladang,Kebasen,178.38,Tanaman Pangan,330205,41,5,36,4.350731707
2018,Padi Ladang,Kedungbanteng,0,Tanaman Pangan,330223,0,23,37,0
2018,Padi Ladang,Kembaran,0,Tanaman Pangan,330220,0,20,38,0
2018,Padi Ladang,Kemranjen,0,Tanaman Pangan,330206,0,6,39,0
2018,Padi Ladang,Lumbir,21.7,Tanaman Pangan,330201,7,1,40,3.1
2018,Padi Ladang,Patikraja,202,Tanaman Pangan,330212,75,12,41,2.693333333
2018,Padi Ladang,Pekuncen,0,Tanaman Pangan,330216,0,16,42,0
2018,Padi Ladang,Purwojati,633.7,Tanaman Pangan,330213,145,13,43,4.370344828
2018,Padi Ladang,Purwokerto Barat,0,Tanaman Pangan,330225,0,25,44,0
2018,Padi Ladang,Purwokerto Selatan,0,Tanaman Pangan,330224,0,24,45,0
2018,Padi Ladang,Purwokerto Timur,0,Tanaman Pangan,330226,0,26,46,0
2018,Padi Ladang,Purwokerto Utara,0,Tanaman Pangan,330227,0,27,47,0
2018,Padi Ladang,Rawalo,13.8,Tanaman Pangan,330204,3,4,48,4.6
2018,Padi Ladang,Sokaraja,41.6,Tanaman Pangan,330219,10,19,49,4.16
2018,Padi Ladang,Somagede,124.5,Tanaman Pangan,330209,35,9,50,3.557142857
2018,Padi Ladang,Sumbang,0,Tanaman Pangan,330221,0,21,51,0
2018,Padi Ladang,Sumpiuh,0,Tanaman Pangan,330207,0,7,52,0
2018,Padi Ladang,Tambak,0,Tanaman Pangan,330208,0,8,53,0
2018,Padi Ladang,Wangon,58.4,Tanaman Pangan,330202,24,2,54,2.433333333
2018,Jagung,Ajibarang,369.59,Tanaman Pangan,330214,63,14,55,5.866507937
2018,Jagung,Banyumas,159.15,Tanaman Pangan,330211,39.5,11,56,4.029113924
2018,Jagung,Baturraden,423,Tanaman Pangan,330222,94,22,57,4.5
2018,Jagung,Cilongok,304.44,Tanaman Pangan,330217,55,17,58,5.535272727
2018,Jagung,Gumelar,1003,Tanaman Pangan,330215,148,15,59,6.777027027
2018,Jagung,Jatilawang,526.45,Tanaman Pangan,330203,117,3,60,4.499572650
2018,Jagung,Kalibagor,1280.5,Tanaman Pangan,330210,197,10,61,6.5
2018,Jagung,Karanglewas,247.5,Tanaman Pangan,330218,43,18,62,5.755813953
2018,Jagung,Kebasen,287,Tanaman Pangan,330205,82,5,63,3.5
2018,Jagung,Kedungbanteng,349,Tanaman Pangan,330223,46,23,64,7.586956522
2018,Jagung,Kembaran,7327.21,Tanaman Pangan,330220,963,20,65,7.608733126
2018,Jagung,Kemranjen,42.8,Tanaman Pangan,330206,6,6,66,7.133333333
2018,Jagung,Lumbir,178.1,Tanaman Pangan,330201,42,1,67,4.240476190
2018,Jagung,Patikraja,43.4,Tanaman Pangan,330212,8,12,68,5.425
2018,Jagung,Pekuncen,160.4,Tanaman Pangan,330216,25,16,69,6.416
2018,Jagung,Purwojati,1164.4,Tanaman Pangan,330213,184,13,70,6.328260870
2018,Jagung,Purwokerto Barat,0,Tanaman Pangan,330225,0,25,71,0
2018,Jagung,Purwokerto Selatan,0,Tanaman Pangan,330224,0,24,72,0
2018,Jagung,Purwokerto Timur,172.8,Tanaman Pangan,330226,36,26,73,4.8
2018,Jagung,Purwokerto Utara,336,Tanaman Pangan,330227,56,27,74,6
2018,Jagung,Rawalo,621.8,Tanaman Pangan,330204,116,4,75,5.360344828
2018,Jagung,Sokaraja,189.1,Tanaman Pangan,330219,36,19,76,5.252777778
2018,Jagung,Somagede,110,Tanaman Pangan,330209,20,9,77,5.5
2018,Jagung,Sumbang,9907.2,Tanaman Pangan,330221,1493,21,78,6.635766912
2018,Jagung,Sumpiuh,0,Tanaman Pangan,330207,0,7,79,0
2018,Jagung,Tambak,0,Tanaman Pangan,330208,0,8,80,0
2018,Jagung,Wangon,194.6,Tanaman Pangan,330202,39,2,81,4.989743590
2018,Ubi Kayu,Ajibarang,665.17,Tanaman Pangan,330214,30,14,82,22.172333333
2018,Ubi Kayu,Banyumas,35.55,Tanaman Pangan,330211,21,11,83,1.692857143
2018,Ubi Kayu,Baturraden,42,Tanaman Pangan,330222,6,22,84,7
2018,Ubi Kayu,Cilongok,7212.28,Tanaman Pangan,330217,268,17,85,26.911492537
2018,Ubi Kayu,Gumelar,3329,Tanaman Pangan,330215,143,15,86,23.279720280
2018,Ubi Kayu,Jatilawang,2812.5,Tanaman Pangan,330203,120,3,87,23.4375
2018,Ubi Kayu,Kalibagor,8720,Tanaman Pangan,330210,436,10,88,20
2018,Ubi Kayu,Karanglewas,448,Tanaman Pangan,330218,28,18,89,16
2018,Ubi Kayu,Kebasen,1322,Tanaman Pangan,330205,75,5,90,17.626666667
2018,Ubi Kayu,Kedungbanteng,456,Tanaman Pangan,330223,40,23,91,11.4
2018,Ubi Kayu,Kembaran,64.25,Tanaman Pangan,330220,3,20,92,21.416666667
2018,Ubi Kayu,Kemranjen,176,Tanaman Pangan,330206,10,6,93,17.6
2018,Ubi Kayu,Lumbir,2658.1,Tanaman Pangan,330201,173,1,94,15.364739884
2018,Ubi Kayu,Patikraja,768,Tanaman Pangan,330212,33,12,95,23.272727273
2018,Ubi Kayu,Pekuncen,265,Tanaman Pangan,330216,14,16,96,18.928571429
2018,Ubi Kayu,Purwojati,826,Tanaman Pangan,330213,73,13,97,11.315068493
2018,Ubi Kayu,Purwokerto Barat,8.1,Tanaman Pangan,330225,7,25,98,1.157142857
2018,Ubi Kayu,Purwokerto Selatan,0,Tanaman Pangan,330224,0,24,99,0
2018,Ubi Kayu,Purwokerto Timur,0,Tanaman Pangan,330226,0,26,100,0
2018,Ubi Kayu,Purwokerto Utara,0,Tanaman Pangan,330227,0,27,101,0
2018,Ubi Kayu,Rawalo,0,Tanaman Pangan,330204,0,4,102,0
2018,Ubi Kayu,Sokaraja,2092,Tanaman Pangan,330219,80,19,103,26.15
2018,Ubi Kayu,Somagede,0,Tanaman Pangan,330209,0,9,104,0
2018,Ubi Kayu,Sumbang,195,Tanaman Pangan,330221,15,21,105,13
2018,Ubi Kayu,Sumpiuh,297.5,Tanaman Pangan,330207,14,7,106,21.25
2018,Ubi Kayu,Tambak,218.5,Tanaman Pangan,330208,32,8,107,6.828125
2018,Ubi Kayu,Wangon,2964,Tanaman Pangan,330202,90,2,108,32.933333333
2018,Ubi Jalar,Ajibarang,179.21,Tanaman Pangan,330214,14,14,109,12.800714286
2018,Ubi Jalar,Banyumas,0,Tanaman Pangan,330211,0,11,110,0
2018,Ubi Jalar,Baturraden,10.5,Tanaman Pangan,330222,3,22,111,3.5
2018,Ubi Jalar,Cilongok,842.83,Tanaman Pangan,330217,38,17,112,22.179736842
2018,Ubi Jalar,Gumelar,16,Tanaman Pangan,330215,1,15,113,16
2018,Ubi Jalar,Jatilawang,0,Tanaman Pangan,330203,0,3,114,0
2018,Ubi Jalar,Kalibagor,324,Tanaman Pangan,330210,18,10,115,18
2018,Ubi Jalar,Karanglewas,0,Tanaman Pangan,330218,0,18,116,0
2018,Ubi Jalar,Kebasen,0,Tanaman Pangan,330205,0,5,117,0
2018,Ubi Jalar,Kedungbanteng,0,Tanaman Pangan,330223,0,23,118,0
2018,Ubi Jalar,Kembaran,9.46,Tanaman Pangan,330220,7,20,119,1.351428571
2018,Ubi Jalar,Kemranjen,28,Tanaman Pangan,330206,2,6,120,14
2018,Ubi Jalar,Lumbir,0,Tanaman Pangan,330201,0,1,121,0
2018,Ubi Jalar,Patikraja,57,Tanaman Pangan,330212,3,12,122,19
2018,Ubi Jalar,Pekuncen,178,Tanaman Pangan,330216,14,16,123,12.714285714
2018,Ubi Jalar,Purwojati,33,Tanaman Pangan,330213,3,13,124,11
2018,Ubi Jalar,Purwokerto Barat,0,Tanaman Pangan,330225,0,25,125,0
2018,Ubi Jalar,Purwokerto Selatan,0,Tanaman Pangan,330224,0,24,126,0
2018,Ubi Jalar,Purwokerto Timur,0,Tanaman Pangan,330226,0,26,127,0
2018,Ubi Jalar,Purwokerto Utara,0,Tanaman Pangan,330227,0,27,128,0
2018,Ubi Jalar,Rawalo,0,Tanaman Pangan,330204,0,4,129,0
2018,Ubi Jalar,Sokaraja,0,Tanaman Pangan,330219,0,19,130,0
2018,Ubi Jalar,Somagede,0,Tanaman Pangan,330209,0,9,131,0
2018,Ubi Jalar,Sumbang,0,Tanaman Pangan,330221,0,21,132,0
2018,Ubi Jalar,Sumpiuh,185,Tanaman Pangan,330207,11,7,133,16.818181818
2018,Ubi Jalar,Tambak,57,Tanaman Pangan,330208,3,8,134,19
2018,Ubi Jalar,Wangon,0,Tanaman Pangan,330202,0,2,135,0
2018,Kedelai,Ajibarang,238.32,Tanaman Pangan,330214,140,14,136,1.702285714
2018,Kedelai,Banyumas,238.04,Tanaman Pangan,330211,135,11,137,1.763259259
2018,Kedelai,Baturraden,0,Tanaman Pangan,330222,0,22,138,0
2018,Kedelai,Cilongok,79.65,Tanaman Pangan,330217,69,17,139,1.154347826
2018,Kedelai,Gumelar,353,Tanaman Pangan,330215,311,15,140,1.135048232
2018,Kedelai,Jatilawang,556.76,Tanaman Pangan,330203,476,3,141,1.169663866
2018,Kedelai,Kalibagor,107.8,Tanaman Pangan,330210,89,10,142,1.211235955
2018,Kedelai,Karanglewas,23.5,Tanaman Pangan,330218,25,18,143,0.94
2018,Kedelai,Kebasen,711.05,Tanaman Pangan,330205,447,5,144,1.590715884
2018,Kedelai,Kedungbanteng,2.86,Tanaman Pangan,330223,10,23,145,0.286
2018,Kedelai,Kembaran,55.16,Tanaman Pangan,330220,41,20,146,1.345365854
2018,Kedelai,Kemranjen,0,Tanaman Pangan,330206,0,6,147,0
2018,Kedelai,Lumbir,278.8,Tanaman Pangan,330201,240,1,148,1.161666667
2018,Kedelai,Patikraja,65.8,Tanaman Pangan,330212,47,12,149,1.4
2018,Kedelai,Pekuncen,0,Tanaman Pangan,330216,0,16,150,0
2018,Kedelai,Purwojati,249.3,Tanaman Pangan,330213,207,13,151,1.204347826
2018,Kedelai,Purwokerto Barat,0,Tanaman Pangan,330225,0,25,152,0
2018,Kedelai,Purwokerto Selatan,0,Tanaman Pangan,330224,0,24,153,0
2018,Kedelai,Purwokerto Timur,0,Tanaman Pangan,330226,0,26,154,0
2018,Kedelai,Purwokerto Utara,0,Tanaman Pangan,330227,0,27,155,0
2018,Kedelai,Rawalo,31.2,Tanaman Pangan,330204,26,4,156,1.2
2018,Kedelai,Sokaraja,8.4,Tanaman Pangan,330219,7,19,157,1.2
2018,Kedelai,Somagede,37.5,Tanaman Pangan,330209,25,9,158,1.5
2018,Kedelai,Sumbang,0,Tanaman Pangan,330221,0,21,159,0
2018,Kedelai,Sumpiuh,35,Tanaman Pangan,330207,30,7,160,1.166666667
2018,Kedelai,Tambak,211.2,Tanaman Pangan,330208,132,8,161,1.6
2018,Kedelai,Wangon,143.6,Tanaman Pangan,330202,91,2,162,1.578021978
2018,Kacang Hijau,Ajibarang,0,Tanaman Pangan,330214,0,14,163,0
2018,Kacang Hijau,Banyumas,227,Tanaman Pangan,330211,44,11,164,5.159090909
2018,Kacang Hijau,Baturraden,0,Tanaman Pangan,330222,0,22,165,0
2018,Kacang Hijau,Cilongok,0,Tanaman Pangan,330217,0,17,166,0
2018,Kacang Hijau,Gumelar,2.7,Tanaman Pangan,330215,5,15,167,0.54
2018,Kacang Hijau,Jatilawang,354.02,Tanaman Pangan,330203,573,3,168,0.617835951
2018,Kacang Hijau,Kalibagor,0,Tanaman Pangan,330210,0,10,169,0
2018,Kacang Hijau,Karanglewas,0,Tanaman Pangan,330218,0,18,170,0
2018,Kacang Hijau,Kebasen,63.46,Tanaman Pangan,330205,66,5,171,0.961515152
2018,Kacang Hijau,Kedungbanteng,0,Tanaman Pangan,330223,0,23,172,0
2018,Kacang Hijau,Kembaran,34.58,Tanaman Pangan,330220,40,20,173,0.8645
2018,Kacang Hijau,Kemranjen,0,Tanaman Pangan,330206,0,6,174,0
2018,Kacang Hijau,Lumbir,2.8,Tanaman Pangan,330201,5,1,175,0.56
2018,Kacang Hijau,Patikraja,3.5,Tanaman Pangan,330212,4,12,176,0.875
2018,Kacang Hijau,Pekuncen,0,Tanaman Pangan,330216,0,16,177,0
2018,Kacang Hijau,Purwojati,83.3,Tanaman Pangan,330213,78,13,178,1.067948718
2018,Kacang Hijau,Purwokerto Barat,0,Tanaman Pangan,330225,0,25,179,0
2018,Kacang Hijau,Purwokerto Selatan,0,Tanaman Pangan,330224,0,24,180,0
2018,Kacang Hijau,Purwokerto Timur,0,Tanaman Pangan,330226,0,26,181,0
2018,Kacang Hijau,Purwokerto Utara,0,Tanaman Pangan,330227,0,27,182,0
2018,Kacang Hijau,Rawalo,211.57,Tanaman Pangan,330204,295.5,4,183,0.715972927
2018,Kacang Hijau,Sokaraja,17.6,Tanaman Pangan,330219,15,19,184,1.173333333
2018,Kacang Hijau,Somagede,3,Tanaman Pangan,330209,30,9,185,0.1
2018,Kacang Hijau,Sumbang,0,Tanaman Pangan,330221,0,21,186,0
2018,Kacang Hijau,Sumpiuh,0,Tanaman Pangan,330207,0,7,187,0
2018,Kacang Hijau,Tambak,77.6,Tanaman Pangan,330208,97,8,188,0.8
2018,Kacang Hijau,Wangon,0,Tanaman Pangan,330202,0,2,189,0
2018,Kacang Tanah,Ajibarang,67.01,Tanaman Pangan,330214,31,14,190,2.161612903
2018,Kacang Tanah,Banyumas,34.61,Tanaman Pangan,330211,23,11,191,1.504782609
2018,Kacang Tanah,Baturraden,0,Tanaman Pangan,330222,0,22,192,0
2018,Kacang Tanah,Cilongok,42.9,Tanaman Pangan,330217,17,17,193,2.523529412
2018,Kacang Tanah,Gumelar,16,Tanaman Pangan,330215,8,15,194,2
2018,Kacang Tanah,Jatilawang,199.56,Tanaman Pangan,330203,93,3,195,2.145806452
2018,Kacang Tanah,Kalibagor,1136.7,Tanaman Pangan,330210,421,10,196,2.7
2018,Kacang Tanah,Karanglewas,44.4,Tanaman Pangan,330218,22,18,197,2.018181818
2018,Kacang Tanah,Kebasen,205,Tanaman Pangan,330205,93,5,198,2.204301075
2018,Kacang Tanah,Kedungbanteng,0,Tanaman Pangan,330223,0,23,199,0
2018,Kacang Tanah,Kembaran,459.93,Tanaman Pangan,330220,203,20,200,2.265665025
2018,Kacang Tanah,Kemranjen,0,Tanaman Pangan,330206,0,6,201,0
2018,Kacang Tanah,Lumbir,133.47,Tanaman Pangan,330201,79,1,202,1.689493671
2018,Kacang Tanah,Patikraja,0,Tanaman Pangan,330212,0,12,203,0
2018,Kacang Tanah,Pekuncen,15.1,Tanaman Pangan,330216,8,16,204,1.8875
2018,Kacang Tanah,Purwojati,83.4,Tanaman Pangan,330213,43,13,205,1.939534884
2018,Kacang Tanah,Purwokerto Barat,0,Tanaman Pangan,330225,0,25,206,0
2018,Kacang Tanah,Purwokerto Selatan,0,Tanaman Pangan,330224,0,24,207,0
2018,Kacang Tanah,Purwokerto Timur,0,Tanaman Pangan,330226,0,26,208,0
2018,Kacang Tanah,Purwokerto Utara,0,Tanaman Pangan,330227,0,27,209,0
2018,Kacang Tanah,Rawalo,0,Tanaman Pangan,330204,0,4,210,0
2018,Kacang Tanah,Sokaraja,397.4,Tanaman Pangan,330219,178,19,211,2.232584270
2018,Kacang Tanah,Somagede,12,Tanaman Pangan,330209,5,9,212,2.4
2018,Kacang Tanah,Sumbang,0,Tanaman Pangan,330221,0,21,213,0
2018,Kacang Tanah,Sumpiuh,0,Tanaman Pangan,330207,0,7,214,0
2018,Kacang Tanah,Tambak,4,Tanaman Pangan,330208,2,8,215,2
2018,Kacang Tanah,Wangon,13,Tanaman Pangan,330202,6,2,216,2.166666667
2019,Padi Sawah,Ajibarang,15951.87,Tanaman Pangan,330214,2673,14,217,5.967777778
2019,Padi Sawah,Banyumas,6929.76,Tanaman Pangan,330211,1164,11,218,5.953402062
2019,Padi Sawah,Baturraden,11138.55,Tanaman Pangan,330222,2194,22,219,5.076823154
2019,Padi Sawah,Cilongok,16981.2,Tanaman Pangan,330217,2981,17,220,5.696477692
2019,Padi Sawah,Gumelar,4862.3,Tanaman Pangan,330215,954,15,221,5.096750524
2019,Padi Sawah,Jatilawang,21993.27,Tanaman Pangan,330203,3270,3,222,6.725770642
2019,Padi Sawah,Kalibagor,10523.15,Tanaman Pangan,330210,1748,10,223,6.020108696
2019,Padi Sawah,Karanglewas,17769.4,Tanaman Pangan,330218,3400,18,224,5.226294118
2019,Padi Sawah,Kebasen,12298.36,Tanaman Pangan,330205,1984,5,225,6.198770161
2019,Padi Sawah,Kedungbanteng,17439.97,Tanaman Pangan,330223,3771,23,226,4.624760011
2019,Padi Sawah,Kembaran,18213.16,Tanaman Pangan,330220,3137,20,227,5.805916481
2019,Padi Sawah,Kemranjen,20245.6,Tanaman Pangan,330206,3216,6,228,6.295273632
2019,Padi Sawah,Lumbir,11207.58,Tanaman Pangan,330201,1981.4,1,229,5.656394469
2019,Padi Sawah,Patikraja,17824,Tanaman Pangan,330212,3110,12,230,5.731189711
2019,Padi Sawah,Pekuncen,20076.5,Tanaman Pangan,330216,3717,16,231,5.401264461
2019,Padi Sawah,Purwojati,10508.99,Tanaman Pangan,330213,1762,13,232,5.964239501
2019,Padi Sawah,Purwokerto Barat,2302.04,Tanaman Pangan,330225,403,25,233,5.712258065
2019,Padi Sawah,Purwokerto Selatan,231.6,Tanaman Pangan,330224,446,24,234,0.519282511
2019,Padi Sawah,Purwokerto Timur,1313.52,Tanaman Pangan,330226,244,26,235,5.383278689
2019,Padi Sawah,Purwokerto Utara,2968.2,Tanaman Pangan,330227,527,27,236,5.632258065
2019,Padi Sawah,Rawalo,17238.7,Tanaman Pangan,330204,2732,4,237,6.309919473
2019,Padi Sawah,Sokaraja,24400.25,Tanaman Pangan,330219,3900,19,238,6.256474359
2019,Padi Sawah,Somagede,6885.6,Tanaman Pangan,330209,1104,9,239,6.236956522
2019,Padi Sawah,Sumbang,25564.65,Tanaman Pangan,330221,4776,21,240,5.352732412
2019,Padi Sawah,Sumpiuh,13147.2,Tanaman Pangan,330207,2574,7,241,5.107692308
2019,Padi Sawah,Tambak,20090,Tanaman Pangan,330208,3300,8,242,6.087878788
2019,Padi Sawah,Wangon,16843.3,Tanaman Pangan,330202,2905,2,243,5.798037866
2019,Padi Ladang,Ajibarang,94.54,Tanaman Pangan,330214,27,14,244,3.501481481
2019,Padi Ladang,Banyumas,92.34,Tanaman Pangan,330211,25,11,245,3.6936
2019,Padi Ladang,Baturraden,0,Tanaman Pangan,330222,0,22,246,0
2019,Padi Ladang,Cilongok,0,Tanaman Pangan,330217,0,17,247,0
2019,Padi Ladang,Gumelar,132,Tanaman Pangan,330215,33,15,248,4
2019,Padi Ladang,Jatilawang,0,Tanaman Pangan,330203,0,3,249,0
2019,Padi Ladang,Kalibagor,496.5,Tanaman Pangan,330210,90,10,250,5.516666667
2019,Padi Ladang,Karanglewas,0,Tanaman Pangan,330218,0,18,251,0
2019,Padi Ladang,Kebasen,1680.35,Tanaman Pangan,330205,39,5,252,43.085897436
2019,Padi Ladang,Kedungbanteng,0,Tanaman Pangan,330223,0,23,253,0
2019,Padi Ladang,Kembaran,0,Tanaman Pangan,330220,0,20,254,0
2019,Padi Ladang,Kemranjen,0,Tanaman Pangan,330206,0,6,255,0
2019,Padi Ladang,Lumbir,190.6,Tanaman Pangan,330201,61,1,256,3.124590164
2019,Padi Ladang,Patikraja,203,Tanaman Pangan,330212,75,12,257,2.706666667
2019,Padi Ladang,Pekuncen,0,Tanaman Pangan,330216,0,16,258,0
2019,Padi Ladang,Purwojati,926.4,Tanaman Pangan,330213,210,13,259,4.411428571
2019,Padi Ladang,Purwokerto Barat,0,Tanaman Pangan,330225,0,25,260,0
2019,Padi Ladang,Purwokerto Selatan,0,Tanaman Pangan,330224,0,24,261,0
2019,Padi Ladang,Purwokerto Timur,0,Tanaman Pangan,330226,0,26,262,0
2019,Padi Ladang,Purwokerto Utara,0,Tanaman Pangan,330227,0,27,263,0
2019,Padi Ladang,Rawalo,0,Tanaman Pangan,330204,0,4,264,0
2019,Padi Ladang,Sokaraja,0,Tanaman Pangan,330219,0,19,265,0
2019,Padi Ladang,Somagede,0,Tanaman Pangan,330209,0,9,266,0
2019,Padi Ladang,Sumbang,0,Tanaman Pangan,330221,0,21,267,0
2019,Padi Ladang,Sumpiuh,0,Tanaman Pangan,330207,0,7,268,0
2019,Padi Ladang,Tambak,0,Tanaman Pangan,330208,0,8,269,0
2019,Padi Ladang,Wangon,192.8,Tanaman Pangan,330202,79,2,270,2.440506329
2019,Jagung,Ajibarang,325.96,Tanaman Pangan,330214,60,14,271,5.432666667
2019,Jagung,Banyumas,161,Tanaman Pangan,330211,39.5,11,272,4.075949367
2019,Jagung,Baturraden,3420,Tanaman Pangan,330222,76,22,273,45
2019,Jagung,Cilongok,694.9,Tanaman Pangan,330217,116,17,274,5.990517241
2019,Jagung,Gumelar,2443,Tanaman Pangan,330215,362,15,275,6.748618785
2019,Jagung,Jatilawang,742.57,Tanaman Pangan,330203,150,3,276,4.950466667
2019,Jagung,Kalibagor,1028,Tanaman Pangan,330210,175,10,277,5.874285714
2019,Jagung,Karanglewas,440.5,Tanaman Pangan,330218,63,18,278,6.992063492
2019,Jagung,Kebasen,2652,Tanaman Pangan,330205,75,5,279,35.36
2019,Jagung,Kedungbanteng,349,Tanaman Pangan,330223,46,23,280,7.586956522
2019,Jagung,Kembaran,5968.19,Tanaman Pangan,330220,784,20,281,7.612487245
2019,Jagung,Kemranjen,35.6,Tanaman Pangan,330206,5,6,282,7.12
2019,Jagung,Lumbir,324.1,Tanaman Pangan,330201,76,1,283,4.264473684
2019,Jagung,Patikraja,320.6,Tanaman Pangan,330212,60,12,284,5.343333333
2019,Jagung,Pekuncen,58.5,Tanaman Pangan,330216,12,16,285,4.875
2019,Jagung,Purwojati,875.6,Tanaman Pangan,330213,137,13,286,6.391240876
2019,Jagung,Purwokerto Barat,0,Tanaman Pangan,330225,0,25,287,0
2019,Jagung,Purwokerto Selatan,0,Tanaman Pangan,330224,0,24,288,0
2019,Jagung,Purwokerto Timur,100.45,Tanaman Pangan,330226,21,26,289,4.783333333
2019,Jagung,Purwokerto Utara,263.2,Tanaman Pangan,330227,49,27,290,5.371428571
2019,Jagung,Rawalo,358.66,Tanaman Pangan,330204,70.2,4,291,5.109116809
2019,Jagung,Sokaraja,627.7,Tanaman Pangan,330219,122,19,292,5.145081967
2019,Jagung,Somagede,149.5,Tanaman Pangan,330209,27,9,293,5.537037037
2019,Jagung,Sumbang,12334.2,Tanaman Pangan,330221,1895,21,294,6.508812665
2019,Jagung,Sumpiuh,0,Tanaman Pangan,330207,0,7,295,0
2019,Jagung,Tambak,0,Tanaman Pangan,330208,0,8,296,0
2019,Jagung,Wangon,379.1,Tanaman Pangan,330202,77,2,297,4.923376623
2019,Ubi Kayu,Ajibarang,1008.91,Tanaman Pangan,330214,49,14,298,20.59
2019,Ubi Kayu,Banyumas,355.2,Tanaman Pangan,330211,21,11,299,16.914285714
2019,Ubi Kayu,Baturraden,0,Tanaman Pangan,330222,0,22,300,0
2019,Ubi Kayu,Cilongok,9155.3,Tanaman Pangan,330217,356,17,301,25.717134831
2019,Ubi Kayu,Gumelar,1395,Tanaman Pangan,330215,64,15,302,21.796875
2019,Ubi Kayu,Jatilawang,0,Tanaman Pangan,330203,0,3,303,0
2019,Ubi Kayu,Kalibagor,779.1,Tanaman Pangan,330210,45,10,304,17.313333333
2019,Ubi Kayu,Karanglewas,816,Tanaman Pangan,330218,24,18,305,34
2019,Ubi Kayu,Kebasen,514.7,Tanaman Pangan,330205,2,5,306,257.35
2019,Ubi Kayu,Kedungbanteng,456,Tanaman Pangan,330223,40,23,307,11.4
2019,Ubi Kayu,Kembaran,0,Tanaman Pangan,330220,0,20,308,0
2019,Ubi Kayu,Kemranjen,0,Tanaman Pangan,330206,0,6,309,0
2019,Ubi Kayu,Lumbir,0,Tanaman Pangan,330201,0,1,310,0
2019,Ubi Kayu,Patikraja,0,Tanaman Pangan,330212,0,12,311,0
2019,Ubi Kayu,Pekuncen,466.5,Tanaman Pangan,330216,31,16,312,15.048387097
2019,Ubi Kayu,Purwojati,781,Tanaman Pangan,330213,68,13,313,11.485294118
2019,Ubi Kayu,Purwokerto Barat,58,Tanaman Pangan,330225,5,25,314,11.6
2019,Ubi Kayu,Purwokerto Selatan,0,Tanaman Pangan,330224,0,24,315,0
2019,Ubi Kayu,Purwokerto Timur,0,Tanaman Pangan,330226,0,26,316,0
2019,Ubi Kayu,Purwokerto Utara,0,Tanaman Pangan,330227,0,27,317,0
2019,Ubi Kayu,Rawalo,0,Tanaman Pangan,330204,0,4,318,0
2019,Ubi Kayu,Sokaraja,1159.5,Tanaman Pangan,330219,44,19,319,26.352272727
2019,Ubi Kayu,Somagede,195,Tanaman Pangan,330209,15,9,320,13
2019,Ubi Kayu,Sumbang,202.4,Tanaman Pangan,330221,16,21,321,12.65
2019,Ubi Kayu,Sumpiuh,231,Tanaman Pangan,330207,8,7,322,28.875
2019,Ubi Kayu,Tambak,488,Tanaman Pangan,330208,28,8,323,17.428571429
2019,Ubi Kayu,Wangon,0,Tanaman Pangan,330202,0,2,324,0
2019,Ubi Jalar,Ajibarang,186.37,Tanaman Pangan,330214,14,14,325,13.312142857
2019,Ubi Jalar,Banyumas,0,Tanaman Pangan,330211,0,11,326,0
2019,Ubi Jalar,Baturraden,0,Tanaman Pangan,330222,0,22,327,0
2019,Ubi Jalar,Cilongok,0,Tanaman Pangan,330217,0,17,328,0
2019,Ubi Jalar,Gumelar,176.5,Tanaman Pangan,330215,12,15,329,14.708333333
2019,Ubi Jalar,Jatilawang,0,Tanaman Pangan,330203,0,3,330,0
2019,Ubi Jalar,Kalibagor,93.2,Tanaman Pangan,330210,4,10,331,23.3
2019,Ubi Jalar,Karanglewas,0,Tanaman Pangan,330218,0,18,332,0
2019,Ubi Jalar,Kebasen,514.7,Tanaman Pangan,330205,2,5,333,257.35
2019,Ubi Jalar,Kedungbanteng,0,Tanaman Pangan,330223,0,23,334,0
2019,Ubi Jalar,Kembaran,4.11,Tanaman Pangan,330220,3,20,335,1.37
2019,Ubi Jalar,Kemranjen,28,Tanaman Pangan,330206,2,6,336,14
2019,Ubi Jalar,Lumbir,0,Tanaman Pangan,330201,0,1,337,0
2019,Ubi Jalar,Patikraja,1025.4,Tanaman Pangan,330212,44,12,338,23.304545455
2019,Ubi Jalar,Pekuncen,19.5,Tanaman Pangan,330216,6,16,339,3.25
2019,Ubi Jalar,Purwojati,0,Tanaman Pangan,330213,0,13,340,0
2019,Ubi Jalar,Purwokerto Barat,0,Tanaman Pangan,330225,0,25,341,0
2019,Ubi Jalar,Purwokerto Selatan,0,Tanaman Pangan,330224,0,24,342,0
2019,Ubi Jalar,Purwokerto Timur,0,Tanaman Pangan,330226,0,26,343,0
2019,Ubi Jalar,Purwokerto Utara,0,Tanaman Pangan,330227,0,27,344,0
2019,Ubi Jalar,Rawalo,0,Tanaman Pangan,330204,0,4,345,0
2019,Ubi Jalar,Sokaraja,0,Tanaman Pangan,330219,0,19,346,0
2019,Ubi Jalar,Somagede,0,Tanaman Pangan,330209,0,9,347,0
2019,Ubi Jalar,Sumbang,0,Tanaman Pangan,330221,0,21,348,0
2019,Ubi Jalar,Sumpiuh,1470,Tanaman Pangan,330207,7,7,349,210
2019,Ubi Jalar,Tambak,0,Tanaman Pangan,330208,0,8,350,0
2019,Ubi Jalar,Wangon,0,Tanaman Pangan,330202,0,2,351,0
2019,Kedelai,Ajibarang,16.74,Tanaman Pangan,330214,10,14,352,1.674
2019,Kedelai,Banyumas,238.8,Tanaman Pangan,330211,135,11,353,1.768888889
2019,Kedelai,Baturraden,0,Tanaman Pangan,330222,0,22,354,0
2019,Kedelai,Cilongok,9.6,Tanaman Pangan,330217,6,17,355,1.6
2019,Kedelai,Gumelar,1,Tanaman Pangan,330215,1,15,356,1
2019,Kedelai,Jatilawang,20.79,Tanaman Pangan,330203,18,3,357,1.155
2019,Kedelai,Kalibagor,0,Tanaman Pangan,330210,0,10,358,0
2019,Kedelai,Karanglewas,0,Tanaman Pangan,330218,0,18,359,0
2019,Kedelai,Kebasen,367.05,Tanaman Pangan,330205,218,5,360,1.683715596
2019,Kedelai,Kedungbanteng,0,Tanaman Pangan,330223,0,23,361,0
2019,Kedelai,Kembaran,5.55,Tanaman Pangan,330220,4,20,362,1.3875
2019,Kedelai,Kemranjen,16,Tanaman Pangan,330206,14,6,363,1.142857143
2019,Kedelai,Lumbir,6.1,Tanaman Pangan,330201,5,1,364,1.22
2019,Kedelai,Patikraja,0,Tanaman Pangan,330212,0,12,365,0
2019,Kedelai,Pekuncen,0,Tanaman Pangan,330216,0,16,366,0
2019,Kedelai,Purwojati,0,Tanaman Pangan,330213,0,13,367,0
2019,Kedelai,Purwokerto Barat,0,Tanaman Pangan,330225,0,25,368,0
2019,Kedelai,Purwokerto Selatan,0,Tanaman Pangan,330224,0,24,369,0
2019,Kedelai,Purwokerto Timur,0,Tanaman Pangan,330226,0,26,370,0
2019,Kedelai,Purwokerto Utara,0,Tanaman Pangan,330227,0,27,371,0
2019,Kedelai,Rawalo,0,Tanaman Pangan,330204,0,4,372,0
2019,Kedelai,Sokaraja,0,Tanaman Pangan,330219,0,19,373,0
2019,Kedelai,Somagede,31.8,Tanaman Pangan,330209,24,9,374,1.325
2019,Kedelai,Sumbang,265.83,Tanaman Pangan,330221,369,21,375,0.720406504
2019,Kedelai,Sumpiuh,0,Tanaman Pangan,330207,0,7,376,0
2019,Kedelai,Tambak,81.8,Tanaman Pangan,330208,51,8,377,1.603921569
2019,Kedelai,Wangon,63,Tanaman Pangan,330202,144,2,378,0.4375
2019,Kacang Hijau,Ajibarang,10.61,Tanaman Pangan,330214,9,14,379,1.178888889
2019,Kacang Hijau,Banyumas,227,Tanaman Pangan,330211,44,11,380,5.159090909
2019,Kacang Hijau,Baturraden,0,Tanaman Pangan,330222,0,22,381,0
2019,Kacang Hijau,Cilongok,0,Tanaman Pangan,330217,0,17,382,0
2019,Kacang Hijau,Gumelar,2.7,Tanaman Pangan,330215,6,15,383,0.45
2019,Kacang Hijau,Jatilawang,6.69,Tanaman Pangan,330203,11,3,384,0.608181818
2019,Kacang Hijau,Kalibagor,5.6,Tanaman Pangan,330210,5,10,385,1.12
2019,Kacang Hijau,Karanglewas,0,Tanaman Pangan,330218,0,18,386,0
2019,Kacang Hijau,Kebasen,87.53,Tanaman Pangan,330205,9,5,387,9.725555556
2019,Kacang Hijau,Kedungbanteng,0,Tanaman Pangan,330223,0,23,388,0
2019,Kacang Hijau,Kembaran,0,Tanaman Pangan,330220,0,20,389,0
2019,Kacang Hijau,Kemranjen,0,Tanaman Pangan,330206,0,6,390,0
2019,Kacang Hijau,Lumbir,12.4,Tanaman Pangan,330201,22,1,391,0.563636364
2019,Kacang Hijau,Patikraja,0,Tanaman Pangan,330212,0,12,392,0
2019,Kacang Hijau,Pekuncen,0,Tanaman Pangan,330216,0,16,393,0
2019,Kacang Hijau,Purwojati,4.8,Tanaman Pangan,330213,4,13,394,1.2
2019,Kacang Hijau,Purwokerto Barat,0,Tanaman Pangan,330225,0,25,395,0
2019,Kacang Hijau,Purwokerto Selatan,0,Tanaman Pangan,330224,0,24,396,0
2019,Kacang Hijau,Purwokerto Timur,0,Tanaman Pangan,330226,0,26,397,0
2019,Kacang Hijau,Purwokerto Utara,0,Tanaman Pangan,330227,0,27,398,0
2019,Kacang Hijau,Rawalo,18.72,Tanaman Pangan,330204,26,4,399,0.72
2019,Kacang Hijau,Sokaraja,0,Tanaman Pangan,330219,0,19,400,0
2019,Kacang Hijau,Somagede,0,Tanaman Pangan,330209,0,9,401,0
2019,Kacang Hijau,Sumbang,0,Tanaman Pangan,330221,0,21,402,0
2019,Kacang Hijau,Sumpiuh,0,Tanaman Pangan,330207,0,7,403,0
2019,Kacang Hijau,Tambak,7.7,Tanaman Pangan,330208,7,8,404,1.1
2019,Kacang Hijau,Wangon,11.8,Tanaman Pangan,330202,10,2,405,1.18
2019,Kacang Tanah,Ajibarang,95.88,Tanaman Pangan,330214,48,14,406,1.9975
2019,Kacang Tanah,Banyumas,34.61,Tanaman Pangan,330211,23,11,407,1.504782609
2019,Kacang Tanah,Baturraden,0,Tanaman Pangan,330222,0,22,408,0
2019,Kacang Tanah,Cilongok,86,Tanaman Pangan,330217,34,17,409,2.529411765
2019,Kacang Tanah,Gumelar,11.3,Tanaman Pangan,330215,6,15,410,1.883333333
2019,Kacang Tanah,Jatilawang,91.82,Tanaman Pangan,330203,41,3,411,2.239512195
2019,Kacang Tanah,Kalibagor,1828.3,Tanaman Pangan,330210,795,10,412,2.299748428
2019,Kacang Tanah,Karanglewas,26.5,Tanaman Pangan,330218,13,18,413,2.038461538
2019,Kacang Tanah,Kebasen,2481.2,Tanaman Pangan,330205,134,5,414,18.516417910
2019,Kacang Tanah,Kedungbanteng,0,Tanaman Pangan,330223,0,23,415,0
2019,Kacang Tanah,Kembaran,292.35,Tanaman Pangan,330220,133,20,416,2.198120301
2019,Kacang Tanah,Kemranjen,0,Tanaman Pangan,330206,0,6,417,0
2019,Kacang Tanah,Lumbir,242.11,Tanaman Pangan,330201,143,1,418,1.693076923
2019,Kacang Tanah,Patikraja,136.1,Tanaman Pangan,330212,55,12,419,2.474545455
2019,Kacang Tanah,Pekuncen,17,Tanaman Pangan,330216,9,16,420,1.888888889
2019,Kacang Tanah,Purwojati,191.3,Tanaman Pangan,330213,99,13,421,1.932323232
2019,Kacang Tanah,Purwokerto Barat,0,Tanaman Pangan,330225,0,25,422,0
2019,Kacang Tanah,Purwokerto Selatan,0,Tanaman Pangan,330224,0,24,423,0
2019,Kacang Tanah,Purwokerto Timur,0,Tanaman Pangan,330226,0,26,424,0
2019,Kacang Tanah,Purwokerto Utara,0,Tanaman Pangan,330227,0,27,425,0
2019,Kacang Tanah,Rawalo,109,Tanaman Pangan,330204,50,4,426,2.18
2019,Kacang Tanah,Sokaraja,128.4,Tanaman Pangan,330219,107,19,427,1.2
2019,Kacang Tanah,Somagede,36,Tanaman Pangan,330209,15,9,428,2.4
2019,Kacang Tanah,Sumbang,0,Tanaman Pangan,330221,0,21,429,0
2019,Kacang Tanah,Sumpiuh,0,Tanaman Pangan,330207,0,7,430,0
2019,Kacang Tanah,Tambak,3.3,Tanaman Pangan,330208,3,8,431,1.1
2019,Kacang Tanah,Wangon,203.8,Tanaman Pangan,330202,93,2,432,2.191397849
2020,Padi Sawah,Ajibarang,15745.16,Tanaman Pangan,330214,2650.7,14,433,5.940000755
2020,Padi Sawah,Banyumas,6115.37,Tanaman Pangan,330211,1041.8,11,434,5.870003840
2020,Padi Sawah,Baturraden,11110.25,Tanaman Pangan,330222,2128.4,22,435,5.220000940
2020,Padi Sawah,Cilongok,24509.72,Tanaman Pangan,330217,4177.2,17,436,5.867499761
2020,Padi Sawah,Gumelar,10334.5,Tanaman Pangan,330215,1979.8,15,437,5.219971714
2020,Padi Sawah,Jatilawang,21225.79,Tanaman Pangan,330203,3158.6,3,438,6.719999367
2020,Padi Sawah,Kalibagor,10597.12,Tanaman Pangan,330210,1757.4,10,439,6.029998862
2020,Padi Sawah,Karanglewas,14139.1,Tanaman Pangan,330218,2476.2,18,440,5.709999192
2020,Padi Sawah,Kebasen,11804.88,Tanaman Pangan,330205,1853.2,5,441,6.369997842
2020,Padi Sawah,Kedungbanteng,17576.7,Tanaman Pangan,330223,3572.5,23,442,4.92
2020,Padi Sawah,Kembaran,17078.4,Tanaman Pangan,330220,2929.4,20,443,5.829999317
2020,Padi Sawah,Kemranjen,21770.91,Tanaman Pangan,330206,3455.7,6,444,6.3
2020,Padi Sawah,Lumbir,11345.67,Tanaman Pangan,330201,2001,1,445,5.67
2020,Padi Sawah,Patikraja,17671.31,Tanaman Pangan,330212,3031.1,12,446,5.829999010
2020,Padi Sawah,Pekuncen,21820.56,Tanaman Pangan,330216,3953,16,447,5.52
2020,Padi Sawah,Purwojati,11545.8,Tanaman Pangan,330213,1924.3,13,448,6
2020,Padi Sawah,Purwokerto Barat,1826.28,Tanaman Pangan,330225,342,25,449,5.34
2020,Padi Sawah,Purwokerto Selatan,2228.95,Tanaman Pangan,330224,386.3,24,450,5.769997411
2020,Padi Sawah,Purwokerto Timur,1196.69,Tanaman Pangan,330226,224.1,26,451,5.339982151
2020,Padi Sawah,Purwokerto Utara,2365.83,Tanaman Pangan,330227,407.2,27,452,5.809995088
2020,Padi Sawah,Rawalo,16482.06,Tanaman Pangan,330204,2667,4,453,6.18
2020,Padi Sawah,Sokaraja,17458.25,Tanaman Pangan,330219,2939.1,19,454,5.939998639
2020,Padi Sawah,Somagede,6234.91,Tanaman Pangan,330209,988.1,9,455,6.309998988
2020,Padi Sawah,Sumbang,21820.69,Tanaman Pangan,330221,4033.4,21,456,5.409999008
2020,Padi Sawah,Sumpiuh,16261.97,Tanaman Pangan,330207,3028.3,7,457,5.369999670
2020,Padi Sawah,Tambak,20774.66,Tanaman Pangan,330208,3271.6,8,458,6.35
2020,Padi Sawah,Wangon,17397.33,Tanaman Pangan,330202,2948.7,2,459,5.9
2020,Padi Ladang,Ajibarang,7.43,Tanaman Pangan,330214,1.9,14,460,3.910526316
2020,Padi Ladang,Banyumas,109.2,Tanaman Pangan,330211,33.6,11,461,3.25
2020,Padi Ladang,Baturraden,0,Tanaman Pangan,330222,0,22,462,0
2020,Padi Ladang,Cilongok,239.4,Tanaman Pangan,330217,47.5,17,463,5.04
2020,Padi Ladang,Gumelar,201.18,Tanaman Pangan,330215,47.9,15,464,4.2
2020,Padi Ladang,Jatilawang,388.98,Tanaman Pangan,330203,71.9,3,465,5.410013908
2020,Padi Ladang,Kalibagor,743.05,Tanaman Pangan,330210,135.1,10,466,5.5
2020,Padi Ladang,Karanglewas,0,Tanaman Pangan,330218,0,18,467,0
2020,Padi Ladang,Kebasen,62.21,Tanaman Pangan,330205,14.4,5,468,4.320138889
2020,Padi Ladang,Kedungbanteng,0,Tanaman Pangan,330223,0,23,469,0
2020,Padi Ladang,Kembaran,0,Tanaman Pangan,330220,0,20,470,0
2020,Padi Ladang,Kemranjen,0,Tanaman Pangan,330206,0,6,471,0
2020,Padi Ladang,Lumbir,246.77,Tanaman Pangan,330201,77.6,1,472,3.180025773
2020,Padi Ladang,Patikraja,244.67,Tanaman Pangan,330212,76.7,12,473,3.189960887
2020,Padi Ladang,Pekuncen,0,Tanaman Pangan,330216,0,16,474,0
2020,Padi Ladang,Purwojati,883.71,Tanaman Pangan,330213,201.3,13,475,4.390014903
2020,Padi Ladang,Purwokerto Barat,0,Tanaman Pangan,330225,0,25,476,0
2020,Padi Ladang,Purwokerto Selatan,0,Tanaman Pangan,330224,0,24,477,0
2020,Padi Ladang,Purwokerto Timur,0,Tanaman Pangan,330226,0,26,478,0
2020,Padi Ladang,Purwokerto Utara,0,Tanaman Pangan,330227,0,27,479,0
2020,Padi Ladang,Rawalo,129.58,Tanaman Pangan,330204,36.4,4,480,3.559890110
2020,Padi Ladang,Sokaraja,0,Tanaman Pangan,330219,0,19,481,0
2020,Padi Ladang,Somagede,0,Tanaman Pangan,330209,0,9,482,0
2020,Padi Ladang,Sumbang,0,Tanaman Pangan,330221,0,21,483,0
2020,Padi Ladang,Sumpiuh,0,Tanaman Pangan,330207,0,7,484,0
2020,Padi Ladang,Tambak,0,Tanaman Pangan,330208,0,8,485,0
2020,Padi Ladang,Wangon,132.4,Tanaman Pangan,330202,35.4,2,486,3.740112994
2020,Jagung,Ajibarang,783.19,Tanaman Pangan,330214,134.8,14,487,5.810014837
2020,Jagung,Banyumas,245.55,Tanaman Pangan,330211,59.6,11,488,4.119966443
2020,Jagung,Baturraden,405.86,Tanaman Pangan,330222,89.2,22,489,4.55
2020,Jagung,Cilongok,764.56,Tanaman Pangan,330217,152,17,490,5.03
2020,Jagung,Gumelar,1635.68,Tanaman Pangan,330215,282.5,15,491,5.790017699
2020,Jagung,Jatilawang,1189.25,Tanaman Pangan,330203,195.6,3,492,6.080010225
2020,Jagung,Kalibagor,1445.54,Tanaman Pangan,330210,247.1,10,493,5.850020235
2020,Jagung,Karanglewas,252.56,Tanaman Pangan,330218,45.1,18,494,5.6
2020,Jagung,Kebasen,14.2,Tanaman Pangan,330205,4,5,495,3.55
2020,Jagung,Kedungbanteng,167.38,Tanaman Pangan,330223,32.5,23,496,5.150153846
2020,Jagung,Kembaran,7631.84,Tanaman Pangan,330220,1117.4,20,497,6.829998210
2020,Jagung,Kemranjen,60.8,Tanaman Pangan,330206,10,6,498,6.08
2020,Jagung,Lumbir,343.48,Tanaman Pangan,330201,78.6,1,499,4.369974555
2020,Jagung,Patikraja,560.18,Tanaman Pangan,330212,105.1,12,500,5.329971456
2020,Jagung,Pekuncen,210.37,Tanaman Pangan,330216,37.3,16,501,5.639946381
2020,Jagung,Purwojati,1242.18,Tanaman Pangan,330213,206,13,502,6.03
2020,Jagung,Purwokerto Barat,0,Tanaman Pangan,330225,0,25,503,0
2020,Jagung,Purwokerto Selatan,149.93,Tanaman Pangan,330224,29,24,504,5.17
2020,Jagung,Purwokerto Timur,219.73,Tanaman Pangan,330226,43,26,505,5.11
2020,Jagung,Purwokerto Utara,351.79,Tanaman Pangan,330227,80.5,27,506,4.370062112
2020,Jagung,Rawalo,754.8,Tanaman Pangan,330204,148,4,507,5.1
2020,Jagung,Sokaraja,290.98,Tanaman Pangan,330219,56.5,19,508,5.150088496
2020,Jagung,Somagede,484.2,Tanaman Pangan,330209,87.4,9,509,5.540045767
2020,Jagung,Sumbang,12146.55,Tanaman Pangan,330221,1829.3,21,510,6.639998907
2020,Jagung,Sumpiuh,0,Tanaman Pangan,330207,0,7,511,0
2020,Jagung,Tambak,0,Tanaman Pangan,330208,0,8,512,0
2020,Jagung,Wangon,434,Tanaman Pangan,330202,87.5,2,513,4.96
2020,Ubi Kayu,Ajibarang,1256.25,Tanaman Pangan,330214,62.5,14,514,20.1
2020,Ubi Kayu,Banyumas,104.4,Tanaman Pangan,330211,6,11,515,17.4
2020,Ubi Kayu,Baturraden,0,Tanaman Pangan,330222,0,22,516,0
2020,Ubi Kayu,Cilongok,6097.3,Tanaman Pangan,330217,253,17,517,24.1
2020,Ubi Kayu,Gumelar,2187.9,Tanaman Pangan,330215,99,15,518,22.1
2020,Ubi Kayu,Jatilawang,424,Tanaman Pangan,330203,20,3,519,21.2
2020,Ubi Kayu,Kalibagor,883.2,Tanaman Pangan,330210,46,10,520,19.2
2020,Ubi Kayu,Karanglewas,242.65,Tanaman Pangan,330218,11.5,18,521,21.1
2020,Ubi Kayu,Kebasen,1128.9,Tanaman Pangan,330205,53,5,522,21.3
2020,Ubi Kayu,Kedungbanteng,295.2,Tanaman Pangan,330223,20.5,23,523,14.4
2020,Ubi Kayu,Kembaran,15.1,Tanaman Pangan,330220,1,20,524,15.1
2020,Ubi Kayu,Kemranjen,95.5,Tanaman Pangan,330206,5,6,525,19.1
2020,Ubi Kayu,Lumbir,3137.6,Tanaman Pangan,330201,148,1,526,21.2
2020,Ubi Kayu,Patikraja,761.2,Tanaman Pangan,330212,44,12,527,17.3
2020,Ubi Kayu,Pekuncen,612.48,Tanaman Pangan,330216,35.2,16,528,17.4
2020,Ubi Kayu,Purwojati,1026.8,Tanaman Pangan,330213,68,13,529,15.1
2020,Ubi Kayu,Purwokerto Barat,93.12,Tanaman Pangan,330225,4.8,25,530,19.4
2020,Ubi Kayu,Purwokerto Selatan,57.6,Tanaman Pangan,330224,3,24,531,19.2
2020,Ubi Kayu,Purwokerto Timur,0,Tanaman Pangan,330226,0,26,532,0
2020,Ubi Kayu,Purwokerto Utara,0,Tanaman Pangan,330227,0,27,533,0
2020,Ubi Kayu,Rawalo,548.1,Tanaman Pangan,330204,27,4,534,20.3
2020,Ubi Kayu,Sokaraja,129.39,Tanaman Pangan,330219,5.7,19,535,22.7
2020,Ubi Kayu,Somagede,1447.5,Tanaman Pangan,330209,75,9,536,19.3
2020,Ubi Kayu,Sumbang,338.8,Tanaman Pangan,330221,22,21,537,15.4
2020,Ubi Kayu,Sumpiuh,268.8,Tanaman Pangan,330207,12,7,538,22.4
2020,Ubi Kayu,Tambak,564.2,Tanaman Pangan,330208,31,8,539,18.2
2020,Ubi Kayu,Wangon,186.3,Tanaman Pangan,330202,9,2,540,20.7
2020,Ubi Jalar,Ajibarang,319.77,Tanaman Pangan,330214,18.7,14,541,17.1
2020,Ubi Jalar,Banyumas,16.2,Tanaman Pangan,330211,1,11,542,16.2
2020,Ubi Jalar,Baturraden,0,Tanaman Pangan,330222,0,22,543,0
2020,Ubi Jalar,Cilongok,336,Tanaman Pangan,330217,20,17,544,16.8
2020,Ubi Jalar,Gumelar,75.46,Tanaman Pangan,330215,4.9,15,545,15.4
2020,Ubi Jalar,Jatilawang,0,Tanaman Pangan,330203,0,3,546,0
2020,Ubi Jalar,Kalibagor,0,Tanaman Pangan,330210,0,10,547,0
2020,Ubi Jalar,Karanglewas,91.06,Tanaman Pangan,330218,5.8,18,548,15.7
2020,Ubi Jalar,Kebasen,64.4,Tanaman Pangan,330205,4,5,549,16.1
2020,Ubi Jalar,Kedungbanteng,15.3,Tanaman Pangan,330223,1,23,550,15.3
2020,Ubi Jalar,Kembaran,189.08,Tanaman Pangan,330220,11.6,20,551,16.3
2020,Ubi Jalar,Kemranjen,15.1,Tanaman Pangan,330206,1,6,552,15.1
2020,Ubi Jalar,Lumbir,0,Tanaman Pangan,330201,0,1,553,0
2020,Ubi Jalar,Patikraja,131.2,Tanaman Pangan,330212,8,12,554,16.4
2020,Ubi Jalar,Pekuncen,307.28,Tanaman Pangan,330216,18.4,16,555,16.7
2020,Ubi Jalar,Purwojati,0,Tanaman Pangan,330213,0,13,556,0
2020,Ubi Jalar,Purwokerto Barat,0,Tanaman Pangan,330225,0,25,557,0
2020,Ubi Jalar,Purwokerto Selatan,0,Tanaman Pangan,330224,0,24,558,0
2020,Ubi Jalar,Purwokerto Timur,0,Tanaman Pangan,330226,0,26,559,0
2020,Ubi Jalar,Purwokerto Utara,0,Tanaman Pangan,330227,0,27,560,0
2020,Ubi Jalar,Rawalo,0,Tanaman Pangan,330204,0,4,561,0
2020,Ubi Jalar,Sokaraja,0,Tanaman Pangan,330219,0,19,562,0
2020,Ubi Jalar,Somagede,0,Tanaman Pangan,330209,0,9,563,0
2020,Ubi Jalar,Sumbang,330.48,Tanaman Pangan,330221,20.4,21,564,16.2
2020,Ubi Jalar,Sumpiuh,76,Tanaman Pangan,330207,5,7,565,15.2
2020,Ubi Jalar,Tambak,0,Tanaman Pangan,330208,0,8,566,0
2020,Ubi Jalar,Wangon,30.4,Tanaman Pangan,330202,2,2,567,15.2
2020,Kedelai,Ajibarang,1.12,Tanaman Pangan,330214,1,14,568,1.12
2020,Kedelai,Banyumas,1.86,Tanaman Pangan,330211,1.9,11,569,0.978947368
2020,Kedelai,Baturraden,0,Tanaman Pangan,330222,0,22,570,0
2020,Kedelai,Cilongok,3.51,Tanaman Pangan,330217,3,17,571,1.17
2020,Kedelai,Gumelar,0,Tanaman Pangan,330215,0,15,572,0
2020,Kedelai,Jatilawang,87.88,Tanaman Pangan,330203,70.3,3,573,1.250071124
2020,Kedelai,Kalibagor,0,Tanaman Pangan,330210,0,10,574,0
2020,Kedelai,Karanglewas,0,Tanaman Pangan,330218,0,18,575,0
2020,Kedelai,Kebasen,127.3,Tanaman Pangan,330205,97.7,5,576,1.302968270
2020,Kedelai,Kedungbanteng,0,Tanaman Pangan,330223,0,23,577,0
2020,Kedelai,Kembaran,15.13,Tanaman Pangan,330220,12.5,20,578,1.2104
2020,Kedelai,Kemranjen,0,Tanaman Pangan,330206,0,6,579,0
2020,Kedelai,Lumbir,8.16,Tanaman Pangan,330201,6.8,1,580,1.2
2020,Kedelai,Patikraja,3.42,Tanaman Pangan,330212,2.9,12,581,1.179310345
2020,Kedelai,Pekuncen,0,Tanaman Pangan,330216,0,16,582,0
2020,Kedelai,Purwojati,44.13,Tanaman Pangan,330213,37.4,13,583,1.179946524
2020,Kedelai,Purwokerto Barat,0,Tanaman Pangan,330225,0,25,584,0
2020,Kedelai,Purwokerto Selatan,0,Tanaman Pangan,330224,0,24,585,0
2020,Kedelai,Purwokerto Timur,0,Tanaman Pangan,330226,0,26,586,0
2020,Kedelai,Purwokerto Utara,0,Tanaman Pangan,330227,0,27,587,0
2020,Kedelai,Rawalo,0,Tanaman Pangan,330204,0,4,588,0
2020,Kedelai,Sokaraja,0,Tanaman Pangan,330219,0,19,589,0
2020,Kedelai,Somagede,0,Tanaman Pangan,330209,0,9,590,0
2020,Kedelai,Sumbang,0,Tanaman Pangan,330221,0,21,591,0
2020,Kedelai,Sumpiuh,0,Tanaman Pangan,330207,0,7,592,0
2020,Kedelai,Tambak,0,Tanaman Pangan,330208,0,8,593,0
2020,Kedelai,Wangon,6,Tanaman Pangan,330202,4.8,2,594,1.25
2020,Kacang Hijau,Ajibarang,2.35,Tanaman Pangan,330214,2.9,14,595,0.810344828
2020,Kacang Hijau,Banyumas,2.88,Tanaman Pangan,330211,4.8,11,596,0.6
2020,Kacang Hijau,Baturraden,0,Tanaman Pangan,330222,0,22,597,0
2020,Kacang Hijau,Cilongok,0,Tanaman Pangan,330217,0,17,598,0
2020,Kacang Hijau,Gumelar,9.91,Tanaman Pangan,330215,12.7,15,599,0.780314961
2020,Kacang Hijau,Jatilawang,118.85,Tanaman Pangan,330203,185.7,3,600,0.640010770
2020,Kacang Hijau,Kalibagor,3.89,Tanaman Pangan,330210,4.8,10,601,0.810416667
2020,Kacang Hijau,Karanglewas,0,Tanaman Pangan,330218,0,18,602,0
2020,Kacang Hijau,Kebasen,57.51,Tanaman Pangan,330205,66.1,5,603,0.870045386
2020,Kacang Hijau,Kedungbanteng,0,Tanaman Pangan,330223,0,23,604,0
2020,Kacang Hijau,Kembaran,0.84,Tanaman Pangan,330220,1,20,605,0.84
2020,Kacang Hijau,Kemranjen,0,Tanaman Pangan,330206,0,6,606,0
2020,Kacang Hijau,Lumbir,7.25,Tanaman Pangan,330201,12.5,1,607,0.58
2020,Kacang Hijau,Patikraja,5.38,Tanaman Pangan,330212,6.9,12,608,0.779710145
2020,Kacang Hijau,Pekuncen,0,Tanaman Pangan,330216,0,16,609,0
2020,Kacang Hijau,Purwojati,29.33,Tanaman Pangan,330213,34.5,13,610,0.850144928
2020,Kacang Hijau,Purwokerto Barat,0,Tanaman Pangan,330225,0,25,611,0
2020,Kacang Hijau,Purwokerto Selatan,0,Tanaman Pangan,330224,0,24,612,0
2020,Kacang Hijau,Purwokerto Timur,0,Tanaman Pangan,330226,0,26,613,0
2020,Kacang Hijau,Purwokerto Utara,0,Tanaman Pangan,330227,0,27,614,0
2020,Kacang Hijau,Rawalo,6.38,Tanaman Pangan,330204,11,4,615,0.58
2020,Kacang Hijau,Sokaraja,0,Tanaman Pangan,330219,0,19,616,0
2020,Kacang Hijau,Somagede,3.84,Tanaman Pangan,330209,4.8,9,617,0.8
2020,Kacang Hijau,Sumbang,0,Tanaman Pangan,330221,0,21,618,0
2020,Kacang Hijau,Sumpiuh,0,Tanaman Pangan,330207,0,7,619,0
2020,Kacang Hijau,Tambak,5.5,Tanaman Pangan,330208,8.6,8,620,0.639534884
2020,Kacang Hijau,Wangon,14.9,Tanaman Pangan,330202,18.4,2,621,0.809782609
2020,Kacang Tanah,Ajibarang,212.73,Tanaman Pangan,330214,101.3,14,622,2.1
2020,Kacang Tanah,Banyumas,63.9,Tanaman Pangan,330211,42.6,11,623,1.5
2020,Kacang Tanah,Baturraden,0,Tanaman Pangan,330222,0,22,624,0
2020,Kacang Tanah,Cilongok,75.9,Tanaman Pangan,330217,33,17,625,2.3
2020,Kacang Tanah,Gumelar,0,Tanaman Pangan,330215,0,15,626,0
2020,Kacang Tanah,Jatilawang,69.65,Tanaman Pangan,330203,35,3,627,1.99
2020,Kacang Tanah,Kalibagor,1346.74,Tanaman Pangan,330210,578,10,628,2.33
2020,Kacang Tanah,Karanglewas,42.21,Tanaman Pangan,330218,20.1,18,629,2.1
2020,Kacang Tanah,Kebasen,161.68,Tanaman Pangan,330205,94,5,630,1.72
2020,Kacang Tanah,Kedungbanteng,0,Tanaman Pangan,330223,0,23,631,0
2020,Kacang Tanah,Kembaran,219.7,Tanaman Pangan,330220,94.7,20,632,2.319957761
2020,Kacang Tanah,Kemranjen,5.9,Tanaman Pangan,330206,5,6,633,1.18
2020,Kacang Tanah,Lumbir,228.15,Tanaman Pangan,330201,135,1,634,1.69
2020,Kacang Tanah,Patikraja,49.05,Tanaman Pangan,330212,32.7,12,635,1.5
2020,Kacang Tanah,Pekuncen,52.72,Tanaman Pangan,330216,27.6,16,636,1.910144928
2020,Kacang Tanah,Purwojati,216.16,Tanaman Pangan,330213,112,13,637,1.93
2020,Kacang Tanah,Purwokerto Barat,0,Tanaman Pangan,330225,0,25,638,0
2020,Kacang Tanah,Purwokerto Selatan,8.4,Tanaman Pangan,330224,7,24,639,1.2
2020,Kacang Tanah,Purwokerto Timur,0,Tanaman Pangan,330226,0,26,640,0
2020,Kacang Tanah,Purwokerto Utara,0,Tanaman Pangan,330227,0,27,641,0
2020,Kacang Tanah,Rawalo,96.6,Tanaman Pangan,330204,46,4,642,2.1
2020,Kacang Tanah,Sokaraja,8.12,Tanaman Pangan,330219,5.8,19,643,1.4
2020,Kacang Tanah,Somagede,144,Tanaman Pangan,330209,60,9,644,2.4
2020,Kacang Tanah,Sumbang,0,Tanaman Pangan,330221,0,21,645,0
2020,Kacang Tanah,Sumpiuh,2.36,Tanaman Pangan,330207,2,7,646,1.18
2020,Kacang Tanah,Tambak,7.8,Tanaman Pangan,330208,3.9,8,647,2
2020,Kacang Tanah,Wangon,45.57,Tanaman Pangan,330202,21,2,648,2.17
2021,Padi Sawah,Ajibarang,17114.92,Tanaman Pangan,330214,2881.3,14,649,5.939999306
2021,Padi Sawah,Banyumas,6386.35,Tanaman Pangan,330211,1084.27,11,650,5.889999723
2021,Padi Sawah,Baturraden,11158.15,Tanaman Pangan,330222,2058.7,22,651,5.419998057
2021,Padi Sawah,Cilongok,26627.51,Tanaman Pangan,330217,4505.5,17,652,5.910001110
2021,Padi Sawah,Gumelar,11340.27,Tanaman Pangan,330215,2092.3,15,653,5.420001912
2021,Padi Sawah,Jatilawang,19915.45,Tanaman Pangan,330203,3146.2,3,654,6.330001271
2021,Padi Sawah,Kalibagor,10424.66,Tanaman Pangan,330210,1728.8,10,655,6.029997686
2021,Padi Sawah,Karanglewas,14778.97,Tanaman Pangan,330218,2471.4,18,656,5.979999191
2021,Padi Sawah,Kebasen,12090.84,Tanaman Pangan,330205,1903.2,5,657,6.352900378
2021,Padi Sawah,Kedungbanteng,14646.52,Tanaman Pangan,330223,2900.3,23,658,5.050001724
2021,Padi Sawah,Kembaran,18166.16,Tanaman Pangan,330220,3073.8,20,659,5.910000651
2021,Padi Sawah,Kemranjen,20981.92,Tanaman Pangan,330206,3434.03,6,660,6.109999039
2021,Padi Sawah,Lumbir,11286.68,Tanaman Pangan,330201,1983.6,1,661,5.689997983
2021,Padi Sawah,Patikraja,17106.94,Tanaman Pangan,330212,2914.3,12,662,5.869999657
2021,Padi Sawah,Pekuncen,23787.52,Tanaman Pangan,330216,4240.2,16,663,5.609999528
2021,Padi Sawah,Purwojati,11763.15,Tanaman Pangan,330213,1977,13,664,5.95
2021,Padi Sawah,Purwokerto Barat,2034.84,Tanaman Pangan,330225,367.3,25,665,5.539994555
2021,Padi Sawah,Purwokerto Selatan,2338,Tanaman Pangan,330224,405.2,24,666,5.769990128
2021,Padi Sawah,Purwokerto Timur,1325.96,Tanaman Pangan,330226,235.1,26,667,5.639982986
2021,Padi Sawah,Purwokerto Utara,2256.02,Tanaman Pangan,330227,388.3,27,668,5.809992274
2021,Padi Sawah,Rawalo,17689.06,Tanaman Pangan,330204,2895.1,4,669,6.109999655
2021,Padi Sawah,Sokaraja,17736.96,Tanaman Pangan,330219,2976,19,670,5.96
2021,Padi Sawah,Somagede,6244.21,Tanaman Pangan,330209,1032.1,9,671,6.050004844
2021,Padi Sawah,Sumbang,20976.57,Tanaman Pangan,330221,3807,21,672,5.51
2021,Padi Sawah,Sumpiuh,17353.91,Tanaman Pangan,330207,3033.9,7,673,5.720000659
2021,Padi Sawah,Tambak,20207.02,Tanaman Pangan,330208,3301.8,8,674,6.120001211
2021,Padi Sawah,Wangon,17170.77,Tanaman Pangan,330202,2910.3,2,675,5.9
2021,Padi Ladang,Ajibarang,267.3,Tanaman Pangan,330214,66,14,676,4.05
2021,Padi Ladang,Banyumas,23.1,Tanaman Pangan,330211,7,11,677,3.3
2021,Padi Ladang,Baturraden,0,Tanaman Pangan,330222,0,22,678,0
2021,Padi Ladang,Cilongok,434.35,Tanaman Pangan,330217,85,17,679,5.11
2021,Padi Ladang,Gumelar,196.52,Tanaman Pangan,330215,45,15,680,4.367111111
2021,Padi Ladang,Jatilawang,271,Tanaman Pangan,330203,50,3,681,5.42
2021,Padi Ladang,Kalibagor,437.4,Tanaman Pangan,330210,81,10,682,5.4
2021,Padi Ladang,Karanglewas,0,Tanaman Pangan,330218,0,18,683,0
2021,Padi Ladang,Kebasen,78.54,Tanaman Pangan,330205,17,5,684,4.62
2021,Padi Ladang,Kedungbanteng,0,Tanaman Pangan,330223,0,23,685,0
2021,Padi Ladang,Kembaran,0,Tanaman Pangan,330220,0,20,686,0
2021,Padi Ladang,Kemranjen,0,Tanaman Pangan,330206,0,6,687,0
2021,Padi Ladang,Lumbir,157.96,Tanaman Pangan,330201,44,1,688,3.59
2021,Padi Ladang,Patikraja,240.75,Tanaman Pangan,330212,75,12,689,3.21
2021,Padi Ladang,Pekuncen,0,Tanaman Pangan,330216,0,16,690,0
2021,Padi Ladang,Purwojati,942.9,Tanaman Pangan,330213,210,13,691,4.49
2021,Padi Ladang,Purwokerto Barat,0,Tanaman Pangan,330225,0,25,692,0
2021,Padi Ladang,Purwokerto Selatan,0,Tanaman Pangan,330224,0,24,693,0
2021,Padi Ladang,Purwokerto Timur,0,Tanaman Pangan,330226,0,26,694,0
2021,Padi Ladang,Purwokerto Utara,0,Tanaman Pangan,330227,0,27,695,0
2021,Padi Ladang,Rawalo,0,Tanaman Pangan,330204,0,4,696,0
2021,Padi Ladang,Sokaraja,0,Tanaman Pangan,330219,0,19,697,0
2021,Padi Ladang,Somagede,55.9,Tanaman Pangan,330209,13,9,698,4.3
2021,Padi Ladang,Sumbang,0,Tanaman Pangan,330221,0,21,699,0
2021,Padi Ladang,Sumpiuh,0,Tanaman Pangan,330207,0,7,700,0
2021,Padi Ladang,Tambak,8.4,Tanaman Pangan,330208,2,8,701,4.2
2021,Padi Ladang,Wangon,59.25,Tanaman Pangan,330202,15,2,702,3.95
2021,Jagung,Ajibarang,366.7,Tanaman Pangan,330214,63,14,703,5.820634921
2021,Jagung,Banyumas,232.8,Tanaman Pangan,330211,42.4,11,704,5.490566038
2021,Jagung,Baturraden,420.8,Tanaman Pangan,330222,79.1,22,705,5.319848293
2021,Jagung,Cilongok,695,Tanaman Pangan,330217,118,17,706,5.889830508
2021,Jagung,Gumelar,801.8,Tanaman Pangan,330215,138,15,707,5.810144928
2021,Jagung,Jatilawang,414.1,Tanaman Pangan,330203,68,3,708,6.089705882
2021,Jagung,Kalibagor,2174.4,Tanaman Pangan,330210,355.3,10,709,6.119898677
2021,Jagung,Karanglewas,76.5,Tanaman Pangan,330218,13.5,18,710,5.666666667
2021,Jagung,Kebasen,42.2,Tanaman Pangan,330205,8,5,711,5.275
2021,Jagung,Kedungbanteng,254,Tanaman Pangan,330223,46.1,23,712,5.509761388
2021,Jagung,Kembaran,6954.5,Tanaman Pangan,330220,1012.3,20,713,6.869999012
2021,Jagung,Kemranjen,18.5,Tanaman Pangan,330206,3,6,714,6.166666667
2021,Jagung,Lumbir,434.4,Tanaman Pangan,330201,85,1,715,5.110588235
2021,Jagung,Patikraja,48.8,Tanaman Pangan,330212,8.8,12,716,5.545454545
2021,Jagung,Pekuncen,138.4,Tanaman Pangan,330216,24.2,16,717,5.719008264
2021,Jagung,Purwojati,1322.9,Tanaman Pangan,330213,212,13,718,6.240094340
2021,Jagung,Purwokerto Barat,0,Tanaman Pangan,330225,0,25,719,0
2021,Jagung,Purwokerto Selatan,5.3,Tanaman Pangan,330224,1,24,720,5.3
2021,Jagung,Purwokerto Timur,133,Tanaman Pangan,330226,25.1,26,721,5.298804781
2021,Jagung,Purwokerto Utara,284.6,Tanaman Pangan,330227,54.7,27,722,5.202925046
2021,Jagung,Rawalo,313.2,Tanaman Pangan,330204,58,4,723,5.4
2021,Jagung,Sokaraja,136.2,Tanaman Pangan,330219,24.9,19,724,5.469879518
2021,Jagung,Somagede,344,Tanaman Pangan,330209,58.4,9,725,5.890410959
2021,Jagung,Sumbang,11689,Tanaman Pangan,330221,1721.5,21,726,6.790008713
2021,Jagung,Sumpiuh,0,Tanaman Pangan,330207,0,7,727,0
2021,Jagung,Tambak,0,Tanaman Pangan,330208,0,8,728,0
2021,Jagung,Wangon,440.4,Tanaman Pangan,330202,80.8,2,729,5.450495050
2021,Ubi Kayu,Ajibarang,868.32,Tanaman Pangan,330214,43.2,14,730,20.1
2021,Ubi Kayu,Banyumas,87,Tanaman Pangan,330211,5,11,731,17.4
2021,Ubi Kayu,Baturraden,0,Tanaman Pangan,330222,0,22,732,0
2021,Ubi Kayu,Cilongok,5969,Tanaman Pangan,330217,254,17,733,23.5
2021,Ubi Kayu,Gumelar,1371.5,Tanaman Pangan,330215,65,15,734,21.1
2021,Ubi Kayu,Jatilawang,381.6,Tanaman Pangan,330203,18,3,735,21.2
2021,Ubi Kayu,Kalibagor,1305.6,Tanaman Pangan,330210,68,10,736,19.2
2021,Ubi Kayu,Karanglewas,666.76,Tanaman Pangan,330218,31.6,18,737,21.1
2021,Ubi Kayu,Kebasen,553.8,Tanaman Pangan,330205,26,5,738,21.3
2021,Ubi Kayu,Kedungbanteng,313.2,Tanaman Pangan,330223,21.6,23,739,14.5
2021,Ubi Kayu,Kembaran,0,Tanaman Pangan,330220,0,20,740,0
2021,Ubi Kayu,Kemranjen,134.4,Tanaman Pangan,330206,7,6,741,19.2
2021,Ubi Kayu,Lumbir,4028,Tanaman Pangan,330201,190,1,742,21.2
2021,Ubi Kayu,Patikraja,103.8,Tanaman Pangan,330212,6,12,743,17.3
2021,Ubi Kayu,Pekuncen,321.9,Tanaman Pangan,330216,18.5,16,744,17.4
2021,Ubi Kayu,Purwojati,1094.8,Tanaman Pangan,330213,68,13,745,16.1
2021,Ubi Kayu,Purwokerto Barat,36.86,Tanaman Pangan,330225,1.9,25,746,19.4
2021,Ubi Kayu,Purwokerto Selatan,0,Tanaman Pangan,330224,0,24,747,0
2021,Ubi Kayu,Purwokerto Timur,0,Tanaman Pangan,330226,0,26,748,0
2021,Ubi Kayu,Purwokerto Utara,0,Tanaman Pangan,330227,0,27,749,0
2021,Ubi Kayu,Rawalo,548.1,Tanaman Pangan,330204,27,4,750,20.3
2021,Ubi Kayu,Sokaraja,227,Tanaman Pangan,330219,10,19,751,22.7
2021,Ubi Kayu,Somagede,965,Tanaman Pangan,330209,50,9,752,19.3
2021,Ubi Kayu,Sumbang,368.06,Tanaman Pangan,330221,23.9,21,753,15.4
2021,Ubi Kayu,Sumpiuh,60.6,Tanaman Pangan,330207,3,7,754,20.2
2021,Ubi Kayu,Tambak,400.4,Tanaman Pangan,330208,22,8,755,18.2
2021,Ubi Kayu,Wangon,82.8,Tanaman Pangan,330202,4,2,756,20.7
2021,Ubi Jalar,Ajibarang,258.72,Tanaman Pangan,330214,14.7,14,757,17.6
2021,Ubi Jalar,Banyumas,0,Tanaman Pangan,330211,0,11,758,0
2021,Ubi Jalar,Baturraden,95.19,Tanaman Pangan,330222,5.7,22,759,16.7
2021,Ubi Jalar,Cilongok,276.8,Tanaman Pangan,330217,16,17,760,17.3
2021,Ubi Jalar,Gumelar,0,Tanaman Pangan,330215,0,15,761,0
2021,Ubi Jalar,Jatilawang,0,Tanaman Pangan,330203,0,3,762,0
2021,Ubi Jalar,Kalibagor,0,Tanaman Pangan,330210,0,10,763,0
2021,Ubi Jalar,Karanglewas,46.98,Tanaman Pangan,330218,2.9,18,764,16.2
2021,Ubi Jalar,Kebasen,0,Tanaman Pangan,330205,0,5,765,0
2021,Ubi Jalar,Kedungbanteng,0,Tanaman Pangan,330223,0,23,766,0
2021,Ubi Jalar,Kembaran,32.8,Tanaman Pangan,330220,2,20,767,16.4
2021,Ubi Jalar,Kemranjen,82,Tanaman Pangan,330206,5,6,768,16.4
2021,Ubi Jalar,Lumbir,58.4,Tanaman Pangan,330201,4,1,769,14.6
2021,Ubi Jalar,Patikraja,0,Tanaman Pangan,330212,0,12,770,0
2021,Ubi Jalar,Pekuncen,169,Tanaman Pangan,330216,10,16,771,16.9
2021,Ubi Jalar,Purwojati,0,Tanaman Pangan,330213,0,13,772,0
2021,Ubi Jalar,Purwokerto Barat,0,Tanaman Pangan,330225,0,25,773,0
2021,Ubi Jalar,Purwokerto Selatan,0,Tanaman Pangan,330224,0,24,774,0
2021,Ubi Jalar,Purwokerto Timur,0,Tanaman Pangan,330226,0,26,775,0
2021,Ubi Jalar,Purwokerto Utara,0,Tanaman Pangan,330227,0,27,776,0
2021,Ubi Jalar,Rawalo,0,Tanaman Pangan,330204,0,4,777,0
2021,Ubi Jalar,Sokaraja,167,Tanaman Pangan,330219,10,19,778,16.7
2021,Ubi Jalar,Somagede,0,Tanaman Pangan,330209,0,9,779,0
2021,Ubi Jalar,Sumbang,292.37,Tanaman Pangan,330221,16.9,21,780,17.3
2021,Ubi Jalar,Sumpiuh,44.95,Tanaman Pangan,330207,2.9,7,781,15.5
2021,Ubi Jalar,Tambak,0,Tanaman Pangan,330208,0,8,782,0
2021,Ubi Jalar,Wangon,15.3,Tanaman Pangan,330202,1,2,783,15.3
2021,Kedelai,Ajibarang,29.18,Tanaman Pangan,330214,19.2,14,784,1.519791667
2021,Kedelai,Banyumas,127.46,Tanaman Pangan,330211,87.3,11,785,1.460022910
2021,Kedelai,Baturraden,0,Tanaman Pangan,330222,0,22,786,0
2021,Kedelai,Cilongok,0,Tanaman Pangan,330217,0,17,787,0
2021,Kedelai,Gumelar,56.6,Tanaman Pangan,330215,38.5,15,788,1.470129870
2021,Kedelai,Jatilawang,329.69,Tanaman Pangan,330203,192.8,3,789,1.710010373
2021,Kedelai,Kalibagor,0,Tanaman Pangan,330210,0,10,790,0
2021,Kedelai,Karanglewas,0,Tanaman Pangan,330218,0,18,791,0
2021,Kedelai,Kebasen,495.05,Tanaman Pangan,330205,264.2,5,792,1.873769871
2021,Kedelai,Kedungbanteng,0,Tanaman Pangan,330223,0,23,793,0
2021,Kedelai,Kembaran,48.51,Tanaman Pangan,330220,30.7,20,794,1.580130293
2021,Kedelai,Kemranjen,0,Tanaman Pangan,330206,0,6,795,0
2021,Kedelai,Lumbir,80.8,Tanaman Pangan,330201,56.5,1,796,1.430088496
2021,Kedelai,Patikraja,34.11,Tanaman Pangan,330212,24.9,12,797,1.369879518
2021,Kedelai,Pekuncen,0,Tanaman Pangan,330216,0,16,798,0
2021,Kedelai,Purwojati,168.82,Tanaman Pangan,330213,101.7,13,799,1.659980334
2021,Kedelai,Purwokerto Barat,0,Tanaman Pangan,330225,0,25,800,0
2021,Kedelai,Purwokerto Selatan,0,Tanaman Pangan,330224,0,24,801,0
2021,Kedelai,Purwokerto Timur,0,Tanaman Pangan,330226,0,26,802,0
2021,Kedelai,Purwokerto Utara,0,Tanaman Pangan,330227,0,27,803,0
2021,Kedelai,Rawalo,14.59,Tanaman Pangan,330204,9.6,4,804,1.519791667
2021,Kedelai,Sokaraja,0,Tanaman Pangan,330219,0,19,805,0
2021,Kedelai,Somagede,120.07,Tanaman Pangan,330209,71.9,9,806,1.669958275
2021,Kedelai,Sumbang,0,Tanaman Pangan,330221,0,21,807,0
2021,Kedelai,Sumpiuh,105.69,Tanaman Pangan,330207,71.9,7,808,1.469958275
2021,Kedelai,Tambak,65.53,Tanaman Pangan,330208,40.2,8,809,1.630099502
2021,Kedelai,Wangon,107.1,Tanaman Pangan,330202,70,2,810,1.53
2021,Kacang Hijau,Ajibarang,7.2,Tanaman Pangan,330214,8.8,14,811,0.818181818
2021,Kacang Hijau,Banyumas,17.66,Tanaman Pangan,330211,24.9,11,812,0.709236948
2021,Kacang Hijau,Baturraden,0,Tanaman Pangan,330222,0,22,813,0
2021,Kacang Hijau,Cilongok,0,Tanaman Pangan,330217,0,17,814,0
2021,Kacang Hijau,Gumelar,7.6,Tanaman Pangan,330215,10,15,815,0.76
2021,Kacang Hijau,Jatilawang,145.41,Tanaman Pangan,330203,132.2,3,816,1.099924357
2021,Kacang Hijau,Kalibagor,0,Tanaman Pangan,330210,0,10,817,0
2021,Kacang Hijau,Karanglewas,0,Tanaman Pangan,330218,0,18,818,0
2021,Kacang Hijau,Kebasen,7.03,Tanaman Pangan,330205,6.7,5,819,1.049253731
2021,Kacang Hijau,Kedungbanteng,0,Tanaman Pangan,330223,0,23,820,0
2021,Kacang Hijau,Kembaran,0,Tanaman Pangan,330220,0,20,821,0
2021,Kacang Hijau,Kemranjen,0,Tanaman Pangan,330206,0,6,822,0
2021,Kacang Hijau,Lumbir,49.28,Tanaman Pangan,330201,70.4,1,823,0.7
2021,Kacang Hijau,Patikraja,9.31,Tanaman Pangan,330212,11.5,12,824,0.809565217
2021,Kacang Hijau,Pekuncen,0,Tanaman Pangan,330216,0,16,825,0
2021,Kacang Hijau,Purwojati,20.9,Tanaman Pangan,330213,23.2,13,826,0.900862069
2021,Kacang Hijau,Purwokerto Barat,0,Tanaman Pangan,330225,0,25,827,0
2021,Kacang Hijau,Purwokerto Selatan,0,Tanaman Pangan,330224,0,24,828,0
2021,Kacang Hijau,Purwokerto Timur,0,Tanaman Pangan,330226,0,26,829,0
2021,Kacang Hijau,Purwokerto Utara,0,Tanaman Pangan,330227,0,27,830,0
2021,Kacang Hijau,Rawalo,12.54,Tanaman Pangan,330204,15.5,4,831,0.809032258
2021,Kacang Hijau,Sokaraja,0,Tanaman Pangan,330219,0,19,832,0
2021,Kacang Hijau,Somagede,7.05,Tanaman Pangan,330209,8.7,9,833,0.810344828
2021,Kacang Hijau,Sumbang,0,Tanaman Pangan,330221,0,21,834,0
2021,Kacang Hijau,Sumpiuh,0,Tanaman Pangan,330207,0,7,835,0
2021,Kacang Hijau,Tambak,7,Tanaman Pangan,330208,7.7,8,836,0.909090909
2021,Kacang Hijau,Wangon,0,Tanaman Pangan,330202,0,2,837,0
2021,Kacang Tanah,Ajibarang,202.6,Tanaman Pangan,330214,84,14,838,2.411904762
2021,Kacang Tanah,Banyumas,64.5,Tanaman Pangan,330211,32.5,11,839,1.984615385
2021,Kacang Tanah,Baturraden,7.23,Tanaman Pangan,330222,3.8,22,840,1.902631579
2021,Kacang Tanah,Cilongok,141.52,Tanaman Pangan,330217,58,17,841,2.44
2021,Kacang Tanah,Gumelar,15.7,Tanaman Pangan,330215,8,15,842,1.9625
2021,Kacang Tanah,Jatilawang,119.6,Tanaman Pangan,330203,52,3,843,2.3
2021,Kacang Tanah,Kalibagor,1506.5,Tanaman Pangan,330210,605,10,844,2.490082645
2021,Kacang Tanah,Karanglewas,51.06,Tanaman Pangan,330218,22.2,18,845,2.3
2021,Kacang Tanah,Kebasen,235,Tanaman Pangan,330205,100,5,846,2.35
2021,Kacang Tanah,Kedungbanteng,1.9,Tanaman Pangan,330223,1,23,847,1.9
2021,Kacang Tanah,Kembaran,345.41,Tanaman Pangan,330220,134.4,20,848,2.570014881
2021,Kacang Tanah,Kemranjen,10.8,Tanaman Pangan,330206,6,6,849,1.8
2021,Kacang Tanah,Lumbir,147.5,Tanaman Pangan,330201,74,1,850,1.993243243
2021,Kacang Tanah,Patikraja,74.2,Tanaman Pangan,330212,33,12,851,2.248484848
2021,Kacang Tanah,Pekuncen,54.74,Tanaman Pangan,330216,23.8,16,852,2.3
2021,Kacang Tanah,Purwojati,256.8,Tanaman Pangan,330213,107,13,853,2.4
2021,Kacang Tanah,Purwokerto Barat,0,Tanaman Pangan,330225,0,25,854,0
2021,Kacang Tanah,Purwokerto Selatan,0,Tanaman Pangan,330224,0,24,855,0
2021,Kacang Tanah,Purwokerto Timur,0,Tanaman Pangan,330226,0,26,856,0
2021,Kacang Tanah,Purwokerto Utara,0,Tanaman Pangan,330227,0,27,857,0
2021,Kacang Tanah,Rawalo,11.6,Tanaman Pangan,330204,5,4,858,2.32
2021,Kacang Tanah,Sokaraja,0,Tanaman Pangan,330219,0,19,859,0
2021,Kacang Tanah,Somagede,174.96,Tanaman Pangan,330209,72,9,860,2.43
2021,Kacang Tanah,Sumbang,51.53,Tanaman Pangan,330221,22.6,21,861,2.280088496
2021,Kacang Tanah,Sumpiuh,16.2,Tanaman Pangan,330207,9,7,862,1.8
2021,Kacang Tanah,Tambak,4.6,Tanaman Pangan,330208,2,8,863,2.3
2021,Kacang Tanah,Wangon,13.02,Tanaman Pangan,330202,6,2,864,2.17
2022,Padi Sawah,Ajibarang,16323.3,Tanaman Pangan,330214,2991,14,865,5.457472417
2022,Padi Sawah,Banyumas,6617.93,Tanaman Pangan,330211,1138,11,866,5.815404218
2022,Padi Sawah,Baturraden,11361,Tanaman Pangan,330222,2015,22,867,5.638213400
2022,Padi Sawah,Cilongok,23029.28,Tanaman Pangan,330217,4178,17,868,5.512034466
2022,Padi Sawah,Gumelar,12125.3,Tanaman Pangan,330215,2287,15,869,5.301836467
2022,Padi Sawah,Jatilawang,21256.4,Tanaman Pangan,330203,3298,3,870,6.445239539
2022,Padi Sawah,Kalibagor,11313,Tanaman Pangan,330210,1852,10,871,6.108531317
2022,Padi Sawah,Karanglewas,13116,Tanaman Pangan,330218,2324,18,872,5.643717728
2022,Padi Sawah,Kebasen,12821.9,Tanaman Pangan,330205,1943,5,873,6.599022131
2022,Padi Sawah,Kedungbanteng,16263.8,Tanaman Pangan,330223,2948,23,874,5.516892809
2022,Padi Sawah,Kembaran,16129.1,Tanaman Pangan,330220,2763,20,875,5.837531668
2022,Padi Sawah,Kemranjen,21343.6,Tanaman Pangan,330206,3391,6,876,6.294190504
2022,Padi Sawah,Lumbir,12109.35,Tanaman Pangan,330201,2133,1,877,5.677144866
2022,Padi Sawah,Patikraja,15095.2,Tanaman Pangan,330212,2738,12,878,5.513221329
2022,Padi Sawah,Pekuncen,26073.6,Tanaman Pangan,330216,4836,16,879,5.391563275
2022,Padi Sawah,Purwojati,12025.9,Tanaman Pangan,330213,2155,13,880,5.580464037
2022,Padi Sawah,Purwokerto Barat,1851.9,Tanaman Pangan,330225,345,25,881,5.367826087
2022,Padi Sawah,Purwokerto Selatan,2383.9,Tanaman Pangan,330224,438,24,882,5.442694064
2022,Padi Sawah,Purwokerto Timur,1179.94,Tanaman Pangan,330226,218,26,883,5.412568807
2022,Padi Sawah,Purwokerto Utara,1356.48,Tanaman Pangan,330227,283,27,884,4.793215548
2022,Padi Sawah,Rawalo,15977.6,Tanaman Pangan,330204,2772,4,885,5.763924964
2022,Padi Sawah,Sokaraja,18706.2,Tanaman Pangan,330219,3100,19,886,6.034258065
2022,Padi Sawah,Somagede,6495.6,Tanaman Pangan,330209,1088,9,887,5.970220588
2022,Padi Sawah,Sumbang,20382,Tanaman Pangan,330221,3724,21,888,5.473147154
2022,Padi Sawah,Sumpiuh,17195.1,Tanaman Pangan,330207,2650,7,889,6.488716981
2022,Padi Sawah,Tambak,19628.3,Tanaman Pangan,330208,3097,8,890,6.337843074
2022,Padi Sawah,Wangon,18463.8,Tanaman Pangan,330202,3086,2,891,5.983084900
2022,Padi Ladang,Ajibarang,167.7,Tanaman Pangan,330214,39,14,892,4.3
2022,Padi Ladang,Banyumas,25.32,Tanaman Pangan,330211,6,11,893,4.22
2022,Padi Ladang,Baturraden,0,Tanaman Pangan,330222,0,22,894,0
2022,Padi Ladang,Cilongok,0,Tanaman Pangan,330217,0,17,895,0
2022,Padi Ladang,Gumelar,0,Tanaman Pangan,330215,0,15,896,0
2022,Padi Ladang,Jatilawang,30.2,Tanaman Pangan,330203,7,3,897,4.314285714
2022,Padi Ladang,Kalibagor,358.1,Tanaman Pangan,330210,83,10,898,4.314457831
2022,Padi Ladang,Karanglewas,0,Tanaman Pangan,330218,0,18,899,0
2022,Padi Ladang,Kebasen,130,Tanaman Pangan,330205,29,5,900,4.482758621
2022,Padi Ladang,Kedungbanteng,0,Tanaman Pangan,330223,0,23,901,0
2022,Padi Ladang,Kembaran,0,Tanaman Pangan,330220,0,20,902,0
2022,Padi Ladang,Kemranjen,0,Tanaman Pangan,330206,0,6,903,0
2022,Padi Ladang,Lumbir,287.3,Tanaman Pangan,330201,67,1,904,4.288059701
2022,Padi Ladang,Patikraja,0,Tanaman Pangan,330212,0,12,905,0
2022,Padi Ladang,Pekuncen,0,Tanaman Pangan,330216,0,16,906,0
2022,Padi Ladang,Purwojati,0,Tanaman Pangan,330213,0,13,907,0
2022,Padi Ladang,Purwokerto Barat,0,Tanaman Pangan,330225,0,25,908,0
2022,Padi Ladang,Purwokerto Selatan,0,Tanaman Pangan,330224,0,24,909,0
2022,Padi Ladang,Purwokerto Timur,0,Tanaman Pangan,330226,0,26,910,0
2022,Padi Ladang,Purwokerto Utara,0,Tanaman Pangan,330227,0,27,911,0
2022,Padi Ladang,Rawalo,0,Tanaman Pangan,330204,0,4,912,0
2022,Padi Ladang,Sokaraja,0,Tanaman Pangan,330219,0,19,913,0
2022,Padi Ladang,Somagede,0,Tanaman Pangan,330209,0,9,914,0
2022,Padi Ladang,Sumbang,0,Tanaman Pangan,330221,0,21,915,0
2022,Padi Ladang,Sumpiuh,0,Tanaman Pangan,330207,0,7,916,0
2022,Padi Ladang,Tambak,0,Tanaman Pangan,330208,0,8,917,0
2022,Padi Ladang,Wangon,52.2,Tanaman Pangan,330202,12,2,918,4.35
2022,Jagung,Ajibarang,224.4,Tanaman Pangan,330214,41,14,919,5.473170732
2022,Jagung,Banyumas,206.3,Tanaman Pangan,330211,47,11,920,4.389361702
2022,Jagung,Baturraden,617,Tanaman Pangan,330222,110,22,921,5.609090909
2022,Jagung,Cilongok,685.1,Tanaman Pangan,330217,141,17,922,4.858865248
2022,Jagung,Gumelar,1497.5,Tanaman Pangan,330215,350,15,923,4.278571429
2022,Jagung,Jatilawang,324.2,Tanaman Pangan,330203,62,3,924,5.229032258
2022,Jagung,Kalibagor,1774.35,Tanaman Pangan,330210,342,10,925,5.188157895
2022,Jagung,Karanglewas,121.8,Tanaman Pangan,330218,20,18,926,6.09
2022,Jagung,Kebasen,234,Tanaman Pangan,330205,52,5,927,4.5
2022,Jagung,Kedungbanteng,259.4,Tanaman Pangan,330223,58,23,928,4.472413793
2022,Jagung,Kembaran,11010.78,Tanaman Pangan,330220,1456,20,929,7.562348901
2022,Jagung,Kemranjen,0,Tanaman Pangan,330206,0,6,930,0
2022,Jagung,Lumbir,388.6,Tanaman Pangan,330201,87,1,931,4.466666667
2022,Jagung,Patikraja,126,Tanaman Pangan,330212,28,12,932,4.5
2022,Jagung,Pekuncen,163.9,Tanaman Pangan,330216,28,16,933,5.853571429
2022,Jagung,Purwojati,733.83,Tanaman Pangan,330213,155,13,934,4.734387097
2022,Jagung,Purwokerto Barat,0,Tanaman Pangan,330225,0,25,935,0
2022,Jagung,Purwokerto Selatan,13.5,Tanaman Pangan,330224,3,24,936,4.5
2022,Jagung,Purwokerto Timur,211.54,Tanaman Pangan,330226,41,26,937,5.159512195
2022,Jagung,Purwokerto Utara,414.35,Tanaman Pangan,330227,82,27,938,5.053048780
2022,Jagung,Rawalo,163.6,Tanaman Pangan,330204,37,4,939,4.421621622
2022,Jagung,Sokaraja,68.9,Tanaman Pangan,330219,10,19,940,6.89
2022,Jagung,Somagede,287.11,Tanaman Pangan,330209,49,9,941,5.859387755
2022,Jagung,Sumbang,12894.9,Tanaman Pangan,330221,1940,21,942,6.646855670
2022,Jagung,Sumpiuh,0,Tanaman Pangan,330207,0,7,943,0
2022,Jagung,Tambak,0,Tanaman Pangan,330208,0,8,944,0
2022,Jagung,Wangon,71.2,Tanaman Pangan,330202,16,2,945,4.45
2022,Ubi Kayu,Ajibarang,585,Tanaman Pangan,330214,39,14,946,15
2022,Ubi Kayu,Banyumas,198,Tanaman Pangan,330211,12,11,947,16.5
2022,Ubi Kayu,Baturraden,0,Tanaman Pangan,330222,0,22,948,0
2022,Ubi Kayu,Cilongok,7140,Tanaman Pangan,330217,252,17,949,28.333333333
2022,Ubi Kayu,Gumelar,975,Tanaman Pangan,330215,65,15,950,15
2022,Ubi Kayu,Jatilawang,363.5,Tanaman Pangan,330203,17,3,951,21.382352941
2022,Ubi Kayu,Kalibagor,1678.9,Tanaman Pangan,330210,75,10,952,22.385333333
2022,Ubi Kayu,Karanglewas,1288,Tanaman Pangan,330218,46,18,953,28
2022,Ubi Kayu,Kebasen,739,Tanaman Pangan,330205,43,5,954,17.186046512
2022,Ubi Kayu,Kedungbanteng,336.95,Tanaman Pangan,330223,23,23,955,14.65
2022,Ubi Kayu,Kembaran,0,Tanaman Pangan,330220,0,20,956,0
2022,Ubi Kayu,Kemranjen,98,Tanaman Pangan,330206,5,6,957,19.6
2022,Ubi Kayu,Lumbir,3071,Tanaman Pangan,330201,171,1,958,17.959064327
2022,Ubi Kayu,Patikraja,767.5,Tanaman Pangan,330212,46,12,959,16.684782609
2022,Ubi Kayu,Pekuncen,178,Tanaman Pangan,330216,9,16,960,19.777777778
2022,Ubi Kayu,Purwojati,1106.4,Tanaman Pangan,330213,69,13,961,16.034782609
2022,Ubi Kayu,Purwokerto Barat,90,Tanaman Pangan,330225,5,25,962,18
2022,Ubi Kayu,Purwokerto Selatan,102,Tanaman Pangan,330224,6,24,963,17
2022,Ubi Kayu,Purwokerto Timur,0,Tanaman Pangan,330226,0,26,964,0
2022,Ubi Kayu,Purwokerto Utara,0,Tanaman Pangan,330227,0,27,965,0
2022,Ubi Kayu,Rawalo,196.5,Tanaman Pangan,330204,10,4,966,19.65
2022,Ubi Kayu,Sokaraja,0,Tanaman Pangan,330219,0,19,967,0
2022,Ubi Kayu,Somagede,540,Tanaman Pangan,330209,30,9,968,18
2022,Ubi Kayu,Sumbang,205,Tanaman Pangan,330221,10,21,969,20.5
2022,Ubi Kayu,Sumpiuh,34,Tanaman Pangan,330207,2,7,970,17
2022,Ubi Kayu,Tambak,360,Tanaman Pangan,330208,20,8,971,18
2022,Ubi Kayu,Wangon,156,Tanaman Pangan,330202,6,2,972,26
2022,Ubi Jalar,Ajibarang,217.5,Tanaman Pangan,330214,12,14,973,18.125
2022,Ubi Jalar,Banyumas,0,Tanaman Pangan,330211,0,11,974,0
2022,Ubi Jalar,Baturraden,0,Tanaman Pangan,330222,0,22,975,0
2022,Ubi Jalar,Cilongok,413.25,Tanaman Pangan,330217,25,17,976,16.53
2022,Ubi Jalar,Gumelar,0,Tanaman Pangan,330215,0,15,977,0
2022,Ubi Jalar,Jatilawang,0,Tanaman Pangan,330203,0,3,978,0
2022,Ubi Jalar,Kalibagor,0,Tanaman Pangan,330210,0,10,979,0
2022,Ubi Jalar,Karanglewas,29,Tanaman Pangan,330218,2,18,980,14.5
2022,Ubi Jalar,Kebasen,0,Tanaman Pangan,330205,0,5,981,0
2022,Ubi Jalar,Kedungbanteng,21,Tanaman Pangan,330223,1,23,982,21
2022,Ubi Jalar,Kembaran,18.25,Tanaman Pangan,330220,1,20,983,18.25
2022,Ubi Jalar,Kemranjen,114.5,Tanaman Pangan,330206,7,6,984,16.357142857
2022,Ubi Jalar,Lumbir,0,Tanaman Pangan,330201,0,1,985,0
2022,Ubi Jalar,Patikraja,0,Tanaman Pangan,330212,0,12,986,0
2022,Ubi Jalar,Pekuncen,15,Tanaman Pangan,330216,1,16,987,15
2022,Ubi Jalar,Purwojati,0,Tanaman Pangan,330213,0,13,988,0
2022,Ubi Jalar,Purwokerto Barat,0,Tanaman Pangan,330225,0,25,989,0
2022,Ubi Jalar,Purwokerto Selatan,0,Tanaman Pangan,330224,0,24,990,0
2022,Ubi Jalar,Purwokerto Timur,0,Tanaman Pangan,330226,0,26,991,0
2022,Ubi Jalar,Purwokerto Utara,0,Tanaman Pangan,330227,0,27,992,0
2022,Ubi Jalar,Rawalo,0,Tanaman Pangan,330204,0,4,993,0
2022,Ubi Jalar,Sokaraja,0,Tanaman Pangan,330219,0,19,994,0
2022,Ubi Jalar,Somagede,0,Tanaman Pangan,330209,0,9,995,0
2022,Ubi Jalar,Sumbang,172,Tanaman Pangan,330221,10,21,996,17.2
2022,Ubi Jalar,Sumpiuh,0,Tanaman Pangan,330207,0,7,997,0
2022,Ubi Jalar,Tambak,0,Tanaman Pangan,330208,0,8,998,0
2022,Ubi Jalar,Wangon,0,Tanaman Pangan,330202,0,2,999,0
2022,Kedelai,Ajibarang,12,Tanaman Pangan,330214,8,14,1000,1.5
2022,Kacang Hijau,Lumbir,69,Tanaman Pangan,330201,89,1,1039,0.775280899
2022,Kacang Hijau,Wangon,9.6,Tanaman Pangan,330202,12,2,1053,0.8
2022,Kacang Hijau,Jatilawang,66.88,Tanaman Pangan,330203,61,3,1032,1.096393443
2022,Kacang Hijau,Rawalo,0,Tanaman Pangan,330204,0,4,1047,0
2022,Kacang Hijau,Kebasen,12.4,Tanaman Pangan,330205,14,5,1035,0.885714286
2022,Kacang Hijau,Kemranjen,1.6,Tanaman Pangan,330206,2,6,1038,0.8
2022,Kacang Hijau,Sumpiuh,0,Tanaman Pangan,330207,0,7,1051,0
2022,Kacang Hijau,Tambak,15.79,Tanaman Pangan,330208,17,8,1052,0.928823529
2022,Kacang Hijau,Somagede,0,Tanaman Pangan,330209,0,9,1049,0
2022,Kacang Hijau,Kalibagor,0,Tanaman Pangan,330210,0,10,1033,0
2022,Kacang Hijau,Banyumas,35.7,Tanaman Pangan,330211,43,11,1028,0.830232558
2022,Kacang Hijau,Patikraja,5.68,Tanaman Pangan,330212,7,12,1040,0.811428571
2022,Kacang Hijau,Purwojati,4.6,Tanaman Pangan,330213,6,13,1042,0.766666667
2022,Kacang Hijau,Ajibarang,0,Tanaman Pangan,330214,0,14,1027,0
2022,Kacang Hijau,Gumelar,7.7,Tanaman Pangan,330215,10,15,1031,0.77
2022,Kacang Hijau,Pekuncen,0,Tanaman Pangan,330216,0,16,1041,0
2022,Kacang Hijau,Cilongok,0,Tanaman Pangan,330217,0,17,1030,0
2022,Kacang Hijau,Karanglewas,0,Tanaman Pangan,330218,0,18,1034,0
2022,Kacang Hijau,Sokaraja,0,Tanaman Pangan,330219,0,19,1048,0
2022,Kacang Hijau,Kembaran,0,Tanaman Pangan,330220,0,20,1037,0
2022,Kacang Hijau,Sumbang,0,Tanaman Pangan,330221,0,21,1050,0
2022,Kacang Hijau,Baturraden,0,Tanaman Pangan,330222,0,22,1029,0
2022,Kacang Hijau,Kedungbanteng,0,Tanaman Pangan,330223,0,23,1036,0
2022,Kacang Hijau,Purwokerto Selatan,0,Tanaman Pangan,330224,0,24,1044,0
2022,Kacang Hijau,Purwokerto Barat,0,Tanaman Pangan,330225,0,25,1043,0
2022,Kacang Hijau,Purwokerto Timur,0,Tanaman Pangan,330226,0,26,1045,0
2022,Kacang Hijau,Purwokerto Utara,0,Tanaman Pangan,330227,0,27,1046,0
2022,Kacang Tanah,Lumbir,177,Tanaman Pangan,330201,105,1,1066,1.685714286
2022,Kacang Tanah,Wangon,6.6,Tanaman Pangan,330202,3,2,1080,2.2
2022,Kacang Tanah,Jatilawang,42.8,Tanaman Pangan,330203,22,3,1059,1.945454545
2022,Kacang Tanah,Rawalo,12.1,Tanaman Pangan,330204,8,4,1074,1.5125
2022,Kacang Tanah,Kebasen,93,Tanaman Pangan,330205,40,5,1062,2.325
2022,Kacang Tanah,Kemranjen,10.2,Tanaman Pangan,330206,6,6,1065,1.7
2022,Kacang Tanah,Sumpiuh,3.6,Tanaman Pangan,330207,2,7,1078,1.8
2022,Kacang Tanah,Tambak,13.6,Tanaman Pangan,330208,8,8,1079,1.7
2022,Kacang Tanah,Somagede,27,Tanaman Pangan,330209,15,9,1076,1.8
2022,Kacang Tanah,Kalibagor,1924.2,Tanaman Pangan,330210,614,10,1060,3.133876221
2022,Kacang Tanah,Banyumas,25.84,Tanaman Pangan,330211,17,11,1055,1.52
2022,Kacang Tanah,Patikraja,63.6,Tanaman Pangan,330212,32,12,1067,1.9875
2022,Kacang Tanah,Purwojati,101.3,Tanaman Pangan,330213,53,13,1069,1.911320755
2022,Kacang Tanah,Ajibarang,92.6,Tanaman Pangan,330214,47,14,1054,1.970212766
2022,Kacang Tanah,Gumelar,13.5,Tanaman Pangan,330215,9,15,1058,1.5
2022,Kacang Tanah,Pekuncen,15.6,Tanaman Pangan,330216,8,16,1068,1.95
2022,Kacang Tanah,Cilongok,83.3,Tanaman Pangan,330217,53,17,1057,1.571698113
2022,Kacang Tanah,Karanglewas,101.2,Tanaman Pangan,330218,46,18,1061,2.2
2022,Kacang Tanah,Sokaraja,0,Tanaman Pangan,330219,0,19,1075,0
2022,Kacang Tanah,Kembaran,399.3,Tanaman Pangan,330220,172,20,1064,2.321511628
2022,Kacang Tanah,Sumbang,52.45,Tanaman Pangan,330221,23,21,1077,2.280434783
2022,Kacang Tanah,Baturraden,4.3,Tanaman Pangan,330222,3,22,1056,1.433333333
2022,Kacang Tanah,Kedungbanteng,0,Tanaman Pangan,330223,0,23,1063,0
2022,Kacang Tanah,Purwokerto Selatan,0,Tanaman Pangan,330224,0,24,1071,0
2022,Kacang Tanah,Purwokerto Barat,0,Tanaman Pangan,330225,0,25,1070,0
2022,Kacang Tanah,Purwokerto Timur,0,Tanaman Pangan,330226,0,26,1072,0
2022,Kacang Tanah,Purwokerto Utara,0,Tanaman Pangan,330227,0,27,1073,0
2022,Kedelai,Lumbir,3.9,Tanaman Pangan,330201,3,1,1012,1.3
2022,Kedelai,Wangon,30,Tanaman Pangan,330202,20,2,1026,1.5
2022,Kedelai,Jatilawang,72.7,Tanaman Pangan,330203,49,3,1005,1.483673469
2022,Kedelai,Rawalo,0,Tanaman Pangan,330204,0,4,1020,0
2022,Kedelai,Kebasen,136.5,Tanaman Pangan,330205,86,5,1008,1.587209302
2022,Kedelai,Kemranjen,0,Tanaman Pangan,330206,0,6,1011,0
2022,Kedelai,Sumpiuh,0,Tanaman Pangan,330207,0,7,1024,0
2022,Kedelai,Tambak,48,Tanaman Pangan,330208,33,8,1025,1.454545455
2022,Kedelai,Somagede,19,Tanaman Pangan,330209,15,9,1022,1.266666667
2022,Kedelai,Kalibagor,0,Tanaman Pangan,330210,0,10,1006,0
2022,Kedelai,Banyumas,68.5,Tanaman Pangan,330211,45,11,1001,1.522222222
2022,Kedelai,Patikraja,2.8,Tanaman Pangan,330212,2,12,1013,1.4
2022,Kedelai,Purwojati,21.9,Tanaman Pangan,330213,16,13,1015,1.36875
2022,Kedelai,Gumelar,3.6,Tanaman Pangan,330215,3,15,1004,1.2
2022,Kedelai,Pekuncen,0,Tanaman Pangan,330216,0,16,1014,0
2022,Kedelai,Cilongok,0,Tanaman Pangan,330217,0,17,1003,0
2022,Kedelai,Karanglewas,0,Tanaman Pangan,330218,0,18,1007,0
2022,Kedelai,Sokaraja,0,Tanaman Pangan,330219,0,19,1021,0
2022,Kedelai,Kembaran,18.3,Tanaman Pangan,330220,12,20,1010,1.525
2022,Kedelai,Sumbang,0,Tanaman Pangan,330221,0,21,1023,0
2022,Kedelai,Baturraden,0,Tanaman Pangan,330222,0,22,1002,0
2022,Kedelai,Kedungbanteng,0,Tanaman Pangan,330223,0,23,1009,0
2022,Kedelai,Purwokerto Selatan,0,Tanaman Pangan,330224,0,24,1017,0
2022,Kedelai,Purwokerto Barat,0,Tanaman Pangan,330225,0,25,1016,0
2022,Kedelai,Purwokerto Timur,0,Tanaman Pangan,330226,0,26,1018,0
2022,Kedelai,Purwokerto Utara,0,Tanaman Pangan,330227,0,27,1019,0
2023,Jagung,Lumbir,437.729999,Tanaman Pangan,330201,98,1,1093,4.466632643
2023,Jagung,Wangon,71.199999,Tanaman Pangan,330202,16,2,1107,4.449999938
2023,Jagung,Jatilawang,413.09,Tanaman Pangan,330203,79,3,1086,5.228987342
2023,Jagung,Rawalo,256.45,Tanaman Pangan,330204,58,4,1101,4.421551724
2023,Jagung,Kebasen,234,Tanaman Pangan,330205,52,5,1089,4.5
2023,Jagung,Kemranjen,0,Tanaman Pangan,330206,0,6,1092,0
2023,Jagung,Sumpiuh,0,Tanaman Pangan,330207,0,7,1105,0
2023,Jagung,Tambak,0,Tanaman Pangan,330208,0,8,1106,0
2023,Jagung,Somagede,269.533333,Tanaman Pangan,330209,46,9,1103,5.859420283
2023,Jagung,Kalibagor,1781.55,Tanaman Pangan,330210,321,10,1087,5.55
2023,Jagung,Banyumas,239.1999,Tanaman Pangan,330211,52,11,1082,4.599998077
2023,Jagung,Patikraja,90.79999,Tanaman Pangan,330212,20,12,1094,4.5399995
2023,Jagung,Purwojati,26.04444,Tanaman Pangan,330213,5.5,13,1096,4.735352727
2023,Jagung,Ajibarang,125.88,Tanaman Pangan,330214,23,14,1081,5.473043478
2023,Jagung,Gumelar,1603.8,Tanaman Pangan,330215,297,15,1085,5.4
2023,Jagung,Pekuncen,140.49,Tanaman Pangan,330216,24,16,1095,5.85375
2023,Jagung,Cilongok,604.8,Tanaman Pangan,330217,112,17,1084,5.4
2023,Jagung,Karanglewas,164.43,Tanaman Pangan,330218,27,18,1088,6.09
2023,Jagung,Sokaraja,48.23,Tanaman Pangan,330219,7,19,1102,6.89
2023,Jagung,Kembaran,9682.4,Tanaman Pangan,330220,1274,20,1091,7.6
2023,Jagung,Sumbang,11599.68,Tanaman Pangan,330221,1686,21,1104,6.88
2023,Jagung,Baturraden,556.38,Tanaman Pangan,330222,99,22,1083,5.62
2023,Jagung,Kedungbanteng,345,Tanaman Pangan,330223,75,23,1090,4.6
2023,Jagung,Purwokerto Selatan,6.75,Tanaman Pangan,330224,1.5,24,1098,4.5
2023,Jagung,Purwokerto Barat,0,Tanaman Pangan,330225,0,25,1097,0
2023,Jagung,Purwokerto Timur,348.48,Tanaman Pangan,330226,68,26,1099,5.124705882
2023,Jagung,Purwokerto Utara,346.8,Tanaman Pangan,330227,68,27,1100,5.1
2023,Kacang Hijau,Lumbir,55.8,Tanaman Pangan,330201,62,1,1120,0.9
2023,Kacang Hijau,Wangon,23.75,Tanaman Pangan,330202,25,2,1134,0.95
2023,Kacang Hijau,Jatilawang,572.13,Tanaman Pangan,330203,489,3,1113,1.17
2023,Kacang Hijau,Rawalo,26.57,Tanaman Pangan,330204,30,4,1128,0.885666667
2023,Kacang Hijau,Kebasen,6.3,Tanaman Pangan,330205,7,5,1116,0.9
2023,Kacang Hijau,Kemranjen,0,Tanaman Pangan,330206,0,6,1119,0
2023,Kacang Hijau,Sumpiuh,0,Tanaman Pangan,330207,0,7,1132,0
2023,Kacang Hijau,Tambak,14.25,Tanaman Pangan,330208,15,8,1133,0.95
2023,Kacang Hijau,Somagede,0,Tanaman Pangan,330209,0,9,1130,0
2023,Kacang Hijau,Kalibagor,0,Tanaman Pangan,330210,0,10,1114,0
2023,Kacang Hijau,Banyumas,4.98,Tanaman Pangan,330211,6,11,1109,0.83
2023,Kacang Hijau,Patikraja,7.6,Tanaman Pangan,330212,9,12,1121,0.844444444
2023,Kacang Hijau,Purwojati,4,Tanaman Pangan,330213,5,13,1123,0.8
2023,Kacang Hijau,Ajibarang,3.12,Tanaman Pangan,330214,4,14,1108,0.78
2023,Kacang Hijau,Gumelar,0,Tanaman Pangan,330215,0,15,1112,0
2023,Kacang Hijau,Pekuncen,0,Tanaman Pangan,330216,0,16,1122,0
2023,Kacang Hijau,Cilongok,0,Tanaman Pangan,330217,0,17,1111,0
2023,Kacang Hijau,Karanglewas,0,Tanaman Pangan,330218,0,18,1115,0
2023,Kacang Hijau,Sokaraja,0,Tanaman Pangan,330219,0,19,1129,0
2023,Kacang Hijau,Kembaran,0,Tanaman Pangan,330220,0,20,1118,0
2023,Kacang Hijau,Sumbang,0,Tanaman Pangan,330221,0,21,1131,0
2023,Kacang Hijau,Baturraden,0,Tanaman Pangan,330222,0,22,1110,0
2023,Kacang Hijau,Kedungbanteng,0,Tanaman Pangan,330223,0,23,1117,0
2023,Kacang Hijau,Purwokerto Selatan,0,Tanaman Pangan,330224,0,24,1125,0
2023,Kacang Hijau,Purwokerto Barat,0,Tanaman Pangan,330225,0,25,1124,0
2023,Kacang Hijau,Purwokerto Timur,0,Tanaman Pangan,330226,0,26,1126,0
2023,Kacang Hijau,Purwokerto Utara,0,Tanaman Pangan,330227,0,27,1127,0
2023,Kacang Tanah,Lumbir,204.75,Tanaman Pangan,330201,105,1,1147,1.95
2023,Kacang Tanah,Wangon,8.8,Tanaman Pangan,330202,4,2,1161,2.2
2023,Kacang Tanah,Jatilawang,15.56,Tanaman Pangan,330203,8,3,1140,1.945
2023,Kacang Tanah,Rawalo,16.64,Tanaman Pangan,330204,11,4,1155,1.512727273
2023,Kacang Tanah,Kebasen,132.53,Tanaman Pangan,330205,57,5,1143,2.325087719
2023,Kacang Tanah,Kemranjen,10.2,Tanaman Pangan,330206,6,6,1146,1.7
2023,Kacang Tanah,Sumpiuh,0,Tanaman Pangan,330207,0,7,1159,0
2023,Kacang Tanah,Tambak,27.2,Tanaman Pangan,330208,16,8,1160,1.7
2023,Kacang Tanah,Somagede,27,Tanaman Pangan,330209,15,9,1157,1.8
2023,Kacang Tanah,Kalibagor,1958.8,Tanaman Pangan,330210,664,10,1141,2.95
2023,Kacang Tanah,Banyumas,28.88,Tanaman Pangan,330211,19,11,1136,1.52
2023,Kacang Tanah,Patikraja,19.88,Tanaman Pangan,330212,10,12,1148,1.988
2023,Kacang Tanah,Purwojati,0,Tanaman Pangan,330213,0,13,1150,0
2023,Kacang Tanah,Ajibarang,48.4,Tanaman Pangan,330214,22,14,1135,2.2
2023,Kacang Tanah,Gumelar,7.5,Tanaman Pangan,330215,5,15,1139,1.5
2023,Kacang Tanah,Pekuncen,15.6,Tanaman Pangan,330216,8,16,1149,1.95
2023,Kacang Tanah,Cilongok,66.01,Tanaman Pangan,330217,42,17,1138,1.571666667
2023,Kacang Tanah,Karanglewas,112.2,Tanaman Pangan,330218,51,18,1142,2.2
2023,Kacang Tanah,Sokaraja,0,Tanaman Pangan,330219,0,19,1156,0
2023,Kacang Tanah,Kembaran,513.99,Tanaman Pangan,330220,197,20,1145,2.609086294
2023,Kacang Tanah,Sumbang,50.17,Tanaman Pangan,330221,22,21,1158,2.280454545
2023,Kacang Tanah,Baturraden,8.6,Tanaman Pangan,330222,6,22,1137,1.433333333
2023,Kacang Tanah,Kedungbanteng,0,Tanaman Pangan,330223,0,23,1144,0
2023,Kacang Tanah,Purwokerto Selatan,0,Tanaman Pangan,330224,0,24,1152,0
2023,Kacang Tanah,Purwokerto Barat,0,Tanaman Pangan,330225,0,25,1151,0
2023,Kacang Tanah,Purwokerto Timur,0,Tanaman Pangan,330226,0,26,1153,0
2023,Kacang Tanah,Purwokerto Utara,0,Tanaman Pangan,330227,0,27,1154,0
2023,Kedelai,Lumbir,97.96,Tanaman Pangan,330201,62,1,1174,1.58
2023,Kedelai,Wangon,127.5,Tanaman Pangan,330202,75,2,1188,1.7
2023,Kedelai,Jatilawang,283.5,Tanaman Pangan,330203,162,3,1167,1.75
2023,Kedelai,Rawalo,31.35,Tanaman Pangan,330204,19,4,1182,1.65
2023,Kedelai,Kebasen,436.14,Tanaman Pangan,330205,242,5,1170,1.802231405
2023,Kedelai,Kemranjen,0,Tanaman Pangan,330206,0,6,1173,0
2023,Kedelai,Sumpiuh,0,Tanaman Pangan,330207,0,7,1186,0
2023,Kedelai,Tambak,149.64,Tanaman Pangan,330208,87,8,1187,1.72
2023,Kedelai,Somagede,76.05,Tanaman Pangan,330209,45,9,1184,1.69
2023,Kedelai,Kalibagor,0,Tanaman Pangan,330210,0,10,1168,0
2023,Kedelai,Banyumas,219.24,Tanaman Pangan,330211,126,11,1163,1.74
2023,Kedelai,Patikraja,85.8,Tanaman Pangan,330212,52,12,1175,1.65
2023,Kedelai,Purwojati,321.64,Tanaman Pangan,330213,187,13,1177,1.72
2023,Kedelai,Ajibarang,198.9,Tanaman Pangan,330214,117,14,1162,1.7
2023,Kedelai,Gumelar,62.32,Tanaman Pangan,330215,38,15,1166,1.64
2023,Kedelai,Pekuncen,0,Tanaman Pangan,330216,0,16,1176,0
2023,Kedelai,Cilongok,16,Tanaman Pangan,330217,10,17,1165,1.6
2023,Kedelai,Karanglewas,32,Tanaman Pangan,330218,20,18,1169,1.6
2023,Kedelai,Sokaraja,16.16,Tanaman Pangan,330219,10,19,1183,1.616
2023,Kedelai,Kembaran,54.4,Tanaman Pangan,330220,32,20,1172,1.7
2023,Kedelai,Sumbang,0,Tanaman Pangan,330221,0,21,1185,0
2023,Kedelai,Baturraden,0,Tanaman Pangan,330222,0,22,1164,0
2023,Kedelai,Kedungbanteng,0,Tanaman Pangan,330223,0,23,1171,0
2023,Kedelai,Purwokerto Selatan,1.6,Tanaman Pangan,330224,1,24,1179,1.6
2023,Kedelai,Purwokerto Barat,0,Tanaman Pangan,330225,0,25,1178,0
2023,Kedelai,Purwokerto Timur,0,Tanaman Pangan,330226,0,26,1180,0
2023,Kedelai,Purwokerto Utara,0,Tanaman Pangan,330227,0,27,1181,0
2023,Padi Ladang,Lumbir,302.6,Tanaman Pangan,330201,68,1,1201,4.45
2023,Padi Ladang,Wangon,60.9,Tanaman Pangan,330202,14,2,1215,4.35
2023,Padi Ladang,Jatilawang,0,Tanaman Pangan,330203,0,3,1194,0
2023,Padi Ladang,Rawalo,0,Tanaman Pangan,330204,0,4,1209,0
2023,Padi Ladang,Kebasen,130,Tanaman Pangan,330205,29,5,1197,4.482758621
2023,Padi Ladang,Kemranjen,0,Tanaman Pangan,330206,0,6,1200,0
2023,Padi Ladang,Sumpiuh,0,Tanaman Pangan,330207,0,7,1213,0
2023,Padi Ladang,Tambak,0,Tanaman Pangan,330208,0,8,1214,0
2023,Padi Ladang,Somagede,0,Tanaman Pangan,330209,0,9,1211,0
2023,Padi Ladang,Kalibagor,369.6,Tanaman Pangan,330210,84,10,1195,4.4
2023,Padi Ladang,Banyumas,0,Tanaman Pangan,330211,0,11,1190,0
2023,Padi Ladang,Patikraja,0,Tanaman Pangan,330212,0,12,1202,0
2023,Padi Ladang,Purwojati,0,Tanaman Pangan,330213,0,13,1204,0
2023,Padi Ladang,Ajibarang,30.14,Tanaman Pangan,330214,7,14,1189,4.305714286
2023,Padi Ladang,Gumelar,0,Tanaman Pangan,330215,0,15,1193,0
2023,Padi Ladang,Pekuncen,0,Tanaman Pangan,330216,0,16,1203,0
2023,Padi Ladang,Cilongok,0,Tanaman Pangan,330217,0,17,1192,0
2023,Padi Ladang,Karanglewas,0,Tanaman Pangan,330218,0,18,1196,0
2023,Padi Ladang,Sokaraja,0,Tanaman Pangan,330219,0,19,1210,0
2023,Padi Ladang,Kembaran,0,Tanaman Pangan,330220,0,20,1199,0
2023,Padi Ladang,Sumbang,0,Tanaman Pangan,330221,0,21,1212,0
2023,Padi Ladang,Baturraden,0,Tanaman Pangan,330222,0,22,1191,0
2023,Padi Ladang,Kedungbanteng,0,Tanaman Pangan,330223,0,23,1198,0
2023,Padi Ladang,Purwokerto Selatan,0,Tanaman Pangan,330224,0,24,1206,0
2023,Padi Ladang,Purwokerto Barat,0,Tanaman Pangan,330225,0,25,1205,0
2023,Padi Ladang,Purwokerto Timur,0,Tanaman Pangan,330226,0,26,1207,0
2023,Padi Ladang,Purwokerto Utara,0,Tanaman Pangan,330227,0,27,1208,0
2023,Padi Sawah,Lumbir,12001.48,Tanaman Pangan,330201,2114,1,1228,5.677142857
2023,Padi Sawah,Wangon,18344.14,Tanaman Pangan,330202,3066,2,1242,5.983085453
2023,Padi Sawah,Jatilawang,21766.8,Tanaman Pangan,330203,3298,3,1221,6.6
2023,Padi Sawah,Rawalo,16066,Tanaman Pangan,330204,2770,4,1236,5.8
2023,Padi Sawah,Kebasen,12788.9,Tanaman Pangan,330205,1938,5,1224,6.599019608
2023,Padi Sawah,Kemranjen,23031.45,Tanaman Pangan,330206,3627,6,1227,6.35
2023,Padi Sawah,Sumpiuh,21042.91,Tanaman Pangan,330207,3243,7,1240,6.488717237
2023,Padi Sawah,Tambak,21964.8,Tanaman Pangan,330208,3432,8,1241,6.4
2023,Padi Sawah,Somagede,6447.84,Tanaman Pangan,330209,1080,9,1238,5.970222222
2023,Padi Sawah,Kalibagor,10867.08,Tanaman Pangan,330210,1779,10,1222,6.108532884
2023,Padi Sawah,Banyumas,6472.54,Tanaman Pangan,330211,1113,11,1217,5.815399820
2023,Padi Sawah,Patikraja,13076,Tanaman Pangan,330212,2335,12,1229,5.6
2023,Padi Sawah,Purwojati,11256,Tanaman Pangan,330213,2010,13,1231,5.6
2023,Padi Sawah,Ajibarang,15834.5,Tanaman Pangan,330214,2879,14,1216,5.5
2023,Padi Sawah,Gumelar,12562,Tanaman Pangan,330215,2284,15,1220,5.5
2023,Padi Sawah,Pekuncen,20176.96,Tanaman Pangan,330216,3709,16,1230,5.44
2023,Padi Sawah,Cilongok,28450.4,Tanaman Pangan,330217,5041,17,1219,5.643800833
2023,Padi Sawah,Karanglewas,13051.35,Tanaman Pangan,330218,2231,18,1223,5.85
2023,Padi Sawah,Sokaraja,18916.1,Tanaman Pangan,330219,3101,19,1237,6.1
2023,Padi Sawah,Kembaran,18897.2,Tanaman Pangan,330220,3176,20,1226,5.95
2023,Padi Sawah,Sumbang,17979.5,Tanaman Pangan,330221,3269,21,1239,5.5
2023,Padi Sawah,Baturraden,10556.4,Tanaman Pangan,330222,1852,22,1218,5.7
2023,Padi Sawah,Kedungbanteng,17446,Tanaman Pangan,330223,3172,23,1225,5.5
2023,Padi Sawah,Purwokerto Selatan,1983.8,Tanaman Pangan,330224,364,24,1233,5.45
2023,Padi Sawah,Purwokerto Barat,1380.09,Tanaman Pangan,330225,257,25,1232,5.37
2023,Padi Sawah,Purwokerto Timur,1018.15,Tanaman Pangan,330226,188,26,1234,5.415691489
2023,Padi Sawah,Purwokerto Utara,1239.7,Tanaman Pangan,330227,253,27,1235,4.9
2023,Ubi Jalar,Lumbir,46.5,Tanaman Pangan,330201,3,1,1255,15.5
2023,Ubi Jalar,Wangon,0,Tanaman Pangan,330202,0,2,1269,0
2023,Ubi Jalar,Jatilawang,0,Tanaman Pangan,330203,0,3,1248,0
2023,Ubi Jalar,Rawalo,0,Tanaman Pangan,330204,0,4,1263,0
2023,Ubi Jalar,Kebasen,0,Tanaman Pangan,330205,0,5,1251,0
2023,Ubi Jalar,Kemranjen,32.711111111,Tanaman Pangan,330206,2,6,1254,16.355555556
2023,Ubi Jalar,Sumpiuh,30.8,Tanaman Pangan,330207,2,7,1267,15.4
2023,Ubi Jalar,Tambak,0,Tanaman Pangan,330208,0,8,1268,0
2023,Ubi Jalar,Somagede,0,Tanaman Pangan,330209,0,9,1265,0
2023,Ubi Jalar,Kalibagor,0,Tanaman Pangan,330210,0,10,1249,0
2023,Ubi Jalar,Banyumas,0,Tanaman Pangan,330211,0,11,1244,0
2023,Ubi Jalar,Patikraja,17.5,Tanaman Pangan,330212,1,12,1256,17.5
2023,Ubi Jalar,Purwojati,0,Tanaman Pangan,330213,0,13,1258,0
2023,Ubi Jalar,Ajibarang,471.25555,Tanaman Pangan,330214,26,14,1243,18.125213462
2023,Ubi Jalar,Gumelar,0,Tanaman Pangan,330215,0,15,1247,0
2023,Ubi Jalar,Pekuncen,98.4,Tanaman Pangan,330216,6,16,1257,16.4
2023,Ubi Jalar,Cilongok,645.62,Tanaman Pangan,330217,39,17,1246,16.554358974
2023,Ubi Jalar,Karanglewas,50.1,Tanaman Pangan,330218,3,18,1250,16.7
2023,Ubi Jalar,Sokaraja,0,Tanaman Pangan,330219,0,19,1264,0
2023,Ubi Jalar,Kembaran,18.25,Tanaman Pangan,330220,1,20,1253,18.25
2023,Ubi Jalar,Sumbang,103.2,Tanaman Pangan,330221,6,21,1266,17.2
2023,Ubi Jalar,Baturraden,63,Tanaman Pangan,330222,3,22,1245,21
2023,Ubi Jalar,Kedungbanteng,0,Tanaman Pangan,330223,0,23,1252,0
2023,Ubi Jalar,Purwokerto Selatan,0,Tanaman Pangan,330224,0,24,1260,0
2023,Ubi Jalar,Purwokerto Barat,0,Tanaman Pangan,330225,0,25,1259,0
2023,Ubi Jalar,Purwokerto Timur,0,Tanaman Pangan,330226,0,26,1261,0
2023,Ubi Jalar,Purwokerto Utara,0,Tanaman Pangan,330227,0,27,1262,0
2023,Ubi Kayu,Lumbir,3095.1,Tanaman Pangan,330201,171,1,1282,18.1
2023,Ubi Kayu,Wangon,52,Tanaman Pangan,330202,2,2,1296,26
2023,Ubi Kayu,Jatilawang,1582.29,Tanaman Pangan,330203,74,3,1275,21.382297297
2023,Ubi Kayu,Rawalo,176.85,Tanaman Pangan,330204,9,4,1290,19.65
2023,Ubi Kayu,Kebasen,876.49,Tanaman Pangan,330205,51,5,1278,17.186078431
2023,Ubi Kayu,Kemranjen,98,Tanaman Pangan,330206,5,6,1281,19.6
2023,Ubi Kayu,Sumpiuh,119,Tanaman Pangan,330207,7,7,1294,17
2023,Ubi Kayu,Tambak,198,Tanaman Pangan,330208,11,8,1295,18
2023,Ubi Kayu,Somagede,450,Tanaman Pangan,330209,25,9,1292,18
2023,Ubi Kayu,Kalibagor,1740.2,Tanaman Pangan,330210,77,10,1276,22.6
2023,Ubi Kayu,Banyumas,115.5,Tanaman Pangan,330211,7,11,1271,16.5
2023,Ubi Kayu,Patikraja,684.08,Tanaman Pangan,330212,41,12,1283,16.684878049
2023,Ubi Kayu,Purwojati,16.03,Tanaman Pangan,330213,1,13,1285,16.03
2023,Ubi Kayu,Ajibarang,544,Tanaman Pangan,330214,34,14,1270,16
2023,Ubi Kayu,Gumelar,1456,Tanaman Pangan,330215,91,15,1274,16
2023,Ubi Kayu,Pekuncen,197.78,Tanaman Pangan,330216,10,16,1284,19.778
2023,Ubi Kayu,Cilongok,6933.5,Tanaman Pangan,330217,245,17,1273,28.3
2023,Ubi Kayu,Karanglewas,1507.8,Tanaman Pangan,330218,57,18,1277,26.452631579
2023,Ubi Kayu,Sokaraja,656,Tanaman Pangan,330219,32,19,1291,20.5
2023,Ubi Kayu,Kembaran,0,Tanaman Pangan,330220,0,20,1280,0
2023,Ubi Kayu,Sumbang,143.5,Tanaman Pangan,330221,7,21,1293,20.5
2023,Ubi Kayu,Baturraden,0,Tanaman Pangan,330222,0,22,1272,0
2023,Ubi Kayu,Kedungbanteng,133.2,Tanaman Pangan,330223,8,23,1279,16.65
2023,Ubi Kayu,Purwokerto Selatan,61.5,Tanaman Pangan,330224,3,24,1287,20.5
2023,Ubi Kayu,Purwokerto Barat,18,Tanaman Pangan,330225,1,25,1286,18
2023,Ubi Kayu,Purwokerto Timur,0,Tanaman Pangan,330226,0,26,1288,0
2023,Ubi Kayu,Purwokerto Utara,0,Tanaman Pangan,330227,0,27,1289,0
